OBJECTID,HUD_ID,PROJECT,PROJ_ADD,PROJ_CTY,PROJ_ST,PROJ_ZIP,STATE_ID,CONTACT,COMPANY,CO_ADD,CO_CTY,CO_ST,CO_ZIP,CO_TEL,ALLOCAMT,N_UNITS,LI_UNITS,N_0BR,N_1BR,N_2BR,N_3BR,N_4BR,INC_CEIL,LOW_CEIL,CEILUNIT,YR_PIS,YR_ALLOC,NON_PROF,BASIS,BOND,MFF_RA,FMHA_514,FMHA_515,FMHA_538,HOME,HOME_AMT,TCAP,TCAP_AMT,CDBG,CDBG_AMT,FHA,HOPEVI,HPVI_AMT,TCEP,TCEP_AMT,RENTASSIST,TRGT_POP,TRGT_FAM,TRGT_ELD,TRGT_DIS,TRGT_HML,TRGT_OTHER,TRGT_SPC,TYPE,CREDIT,N_UNITSR,LI_UNITR,DDA,QCT,NONPROG,DATANOTE,METRO_TRACT,STATE2KX,CNTY_NM2KX,CNTY2KX,TRACT2KX,BG2KX,BLOCK2KX,CURCNTY_NM,CURCNTY,CURCOSUB,CURCOSUB_NM,PLACE2KX,PLACE_NM2KX,PLACE_CC2KX,PLACE_INC2KX,MSA,MSA_NM,METRO,MICRO,FCD_FIPS91,HLC,DPV,DPVRC,STD_ADDR,URB_OUT,STD_CITY,STD_ST,STD_ZIP5,STD_ZIP9,ZIP_CLASS,ZCTA2KX,DPBC,DPBC_CKSUM,STD_ZIP11,ADDR_TYPE,APT_NO,APT_TYPE,C1PGRC,C1PPRB,C1PDRC,C1PSRC,C1PARC,C1PRC9,MSGUSPS,LAT,LON,RC2KX,STM2KX,LVL2KX,UR,MSG2KX,CBSA,CBSA_NM,NECTA,NECTA_NM,COUNTY_LEVEL,PLACE_LEVEL,TRACT_LEVEL,BLKGRP_LEVEL,x,y
34342,OHA19880170,ETHEL-FOREST #1,12515 FOREST AVE,CLEVELAND,OH,44120,OH-88-0184,,,,,,,,,2,2,,,,,,,,,1988,1988,2,2,,,,2,,,,,,,,,,,,,,,,,,,,,2,2,2,2,,2,1,,1,39,Cuyahoga,35,119402,2,2005,Cuyahoga,35,16000,Cleveland,16000,Cleveland city,C2,,1680,"Cleveland-Lorain-Elyria, OH PMSA",1,0,3911,1104,N,,12515 Forest Ave,,Cleveland,OH,44120,2937,,44120,15,2,44120293715,S,,,,1,,,A,,90% Overall probable correctness,41.478172,-81.596071,S,,R,U,** Street-Level Rooftop **,17460,"Cleveland-Elyria, OH Metropolitan Statistical Area",99999,,39035,3916000,39035119402,390351194022,-9083233.0745,5083129.836
34383,OHA19890200,DYNES VILLAGE PROJECT,4289 E 167TH ST,CLEVELAND,OH,44128,OH-88-0179,,,,,,,,,42,42,,,,,,,,,1989,1988,2,2,,,,,,,,,,,,,,,,,,,,,,,,,1,,42,42,,2,,,1,39,Cuyahoga,35,122100,3,3014,Cuyahoga,35,16000,Cleveland,16000,Cleveland city,C2,,1680,"Cleveland-Lorain-Elyria, OH PMSA",1,0,3911,1104,S,,4289 E 167th St,,Cleveland,OH,44128,3382,,44128,89,8,44128338289,S,,,,1,,,A,,90% Overall probable correctness,41.442032,-81.563145,S,,R,U,** Street-Level Rooftop **,17460,"Cleveland-Elyria, OH Metropolitan Statistical Area",99999,,39035,3916000,39035122100,390351221003,-9079567.7689,5077761.5473
34393,OHA00000073,MAGNOLIA ON DETROIT APTS,8016 DETROIT AVE,CLEVELAND,OH,44102,OH1012-1063,,,,,,,,,126,,,,,,,,,,8888,2012,,,,,,,,,,,,,,,,,,,,,,,,,,,,,126,126,,,,PROPERTY RECORD ADDED FROM HUD STUDY DATA FILE.,2,39,Cuyahoga,35,101200,2,2010,Cuyahoga,35,16000,Cleveland,16000,Cleveland city,C2,,1680,"Cleveland-Lorain-Elyria, OH PMSA",1,0,3911,1104,S,,8016 Detroit Ave,,Cleveland,OH,44102,2830,,44102,99,8,44102283099,H,,,,1,,,A,,90% Overall probable correctness,41.481613,-81.740272,S,,R,U,** Street-Level Rooftop **,17460,"Cleveland-Elyria, OH Metropolitan Statistical Area",99999,,39035,3916000,39035101200,390351012002,-9099285.4563,5083641.1233
34396,OHA00000079,MORNING STAR TOWER,10600 ST CLAIR AVE,CLEVELAND,OH,44108,120050,,,,,,,,,196,,,,,,,,,,8888,2012,,,,,,,,,,,,,,,,,,,,,,,,,,,,,196,196,,,,PREVIOUSLY LISTED AS OHA0000078.,2,39,Cuyahoga,35,116500,4,4000,Cuyahoga,35,16000,Cleveland,16000,Cleveland city,C2,,1680,"Cleveland-Lorain-Elyria, OH PMSA",1,0,3911,1104,S,,10600 Saint Clair Ave,,Cleveland,OH,44108,1912,,44108,99,2,44108191299,H,,,,1,,,A,,90% Overall probable correctness,41.53974,-81.612937,S,,R,U,** Street-Level Rooftop **,17460,"Cleveland-Elyria, OH Metropolitan Statistical Area",99999,,39035,3916000,39035116500,390351165004,-9085110.589,5092282.1358
34406,OHA19880390,NELSON WEST 47TH STREET,1818 W 47TH ST,CLEVELAND,OH,44102,OH-88-0238,,,,,,,,,1,1,,,,,,,,,1988,1988,2,2,,,,2,,,,,,,,,,,,,,,,,,,,,1,2,1,1,,2,,,1,39,Cuyahoga,35,103500,1,1004,Cuyahoga,35,16000,Cleveland,16000,Cleveland city,C2,,1680,"Cleveland-Lorain-Elyria, OH PMSA",1,0,3911,1104,S,,1818 W 47th St,,Cleveland,OH,44102,3412,,44102,18,0,44102341218,S,,,,1,,,A,,90% Overall probable correctness,41.483403,-81.719093,S,,R,U,** Street-Level Rooftop **,17460,"Cleveland-Elyria, OH Metropolitan Statistical Area",99999,,39035,3916000,39035103500,390351035001,-9096927.8208,5083907.1044
34417,OHA19900085,EDGEHILL PROPERTIES - BROOKFIELD,1830 E 87TH ST,CLEVELAND,OH,44106,OH-90-0536,,,,,,,,,31,31,,,,,,,,,1990,1990,2,2,2,,,2,,,,,,,,,,,,,,,,,,,,,2,2,31,31,,2,1,,1,39,Cuyahoga,35,118900,1,1017,Cuyahoga,35,16000,Cleveland,16000,Cleveland city,C2,,1680,"Cleveland-Lorain-Elyria, OH PMSA",1,0,3911,1104,S,,1830 E 87th St Apt 5,,Cleveland,OH,44106,4861,,44106,5,1,44106486105,H,5,Apt,,0,,,,,100% Overall probable correctness,41.507094,-81.626346,S,,R,U,** Street-Level Rooftop **,17460,"Cleveland-Elyria, OH Metropolitan Statistical Area",99999,,39035,3916000,39035118900,390351189001,-9086603.272,5087428.1091
34419,OHA19900095,ESKIN RENTAL,6310 EDNA AVE,CLEVELAND,OH,44103,OH-89-0361,,,,,,,,,15,15,,,,,,,,,1990,1989,2,2,2,,,2,,,,,,,,,,,,,,,,,,,,,2,2,15,15,,2,1,,1,39,Cuyahoga,35,111500,2,2007,Cuyahoga,35,16000,Cleveland,16000,Cleveland city,C2,,1680,"Cleveland-Lorain-Elyria, OH PMSA",1,0,3911,1104,S,,6310 Edna Ave,,Cleveland,OH,44103,1579,,44103,99,8,44103157999,H,,,,1,,,A,,90% Overall probable correctness,41.51996,-81.646319,S,,R,U,** Street-Level Rooftop **,17460,"Cleveland-Elyria, OH Metropolitan Statistical Area",99999,,39035,3916000,39035111500,390351115002,-9088826.6562,5089340.8201
34428,OHA00000094,ST AGNES,10204 GRANGER RD,GARFIELD HEIGHTS,OH,44125,10033,,,,,,,,,29,,,,,,,,,,8888,8888,,,,,,,,,,,,,,,,,,,,,,,,,,,,,29,29,,,,,1,39,Cuyahoga,35,154501,3,3003,Cuyahoga,35,29428,Garfield Heights,29428,Garfield Heights city,C2,,1680,"Cleveland-Lorain-Elyria, OH PMSA",1,0,3911,1866,S,,10204 Granger Rd,,Garfield Heights,OH,44125,3106,,44125,4,0,44125310604,S,,,,1,,,A,,90% Overall probable correctness,41.416882,-81.613731,S,,R,U,** Street-Level Rooftop **,17460,"Cleveland-Elyria, OH Metropolitan Statistical Area",99999,,39035,3929428,39035154501,390351545013,-9085198.9767,5074027.4934
34454,OHA00000101,TEMPLIN-BRADLEY CO LOFTS,5700 DETROIT AVE,CLEVELAND,OH,44102,OH1012-1077,,,,,,,,,30,,,,,,,,,,8888,2013,,,,,,,,,,,,,,,,,,,,,,,,,,,,,30,30,,,,PROPERTY RECORD ADDED FROM HUD STUDY DATA FILE.,2,39,Cuyahoga,35,103100,1,1019,Cuyahoga,35,16000,Cleveland,16000,Cleveland city,C2,,1680,"Cleveland-Lorain-Elyria, OH PMSA",1,0,3911,1104,S,,5700 Detroit Ave,,Cleveland,OH,44102,3077,,44102,99,4,44102307799,H,,,,1,,,A,,90% Overall probable correctness,41.485437,-81.725677,S,,R,U,** Street-Level Rooftop **,17460,"Cleveland-Elyria, OH Metropolitan Statistical Area",99999,,39035,3916000,39035103100,390351031001,-9097660.7484,5084209.3511
34478,OHA19900155,KENSINGTON PLACE APTS,30 SEVERANCE CIR,CLEVELAND HEIGHTS,OH,44118,OH-90-0549,,,,,,,,,201,41,,,,,,,,,1990,1990,2,2,1,,,2,,,,,,,,,,,,,,,,,,,,,1,1,201,41,,2,,,1,39,Cuyahoga,35,140800,4,4002,Cuyahoga,35,16014,Cleveland Heights,16014,Cleveland Heights city,C2,,1680,"Cleveland-Lorain-Elyria, OH PMSA",1,0,3911,1110,S,,30 Severance Cir,,Cleveland Heights,OH,44118,1531,,44118,99,4,44118153199,H,,,,1,,,A,,90% Overall probable correctness,41.515767,-81.554666,S,,R,U,** Street-Level Rooftop **,17460,"Cleveland-Elyria, OH Metropolitan Statistical Area",99999,,39035,3916014,39035140800,390351408004,-9078623.8909,5088717.4302
34500,OHA19890355,MANNERING APTS,16908 EUCLID AVE,CLEVELAND,OH,44112,OH-89-0399,,,,,,,,,26,26,,,,,,,,,1989,1989,2,2,2,,,2,,,,,,,,,,,,,,,,,,,,,2,2,26,26,,2,,PREVIOUSLY LISTED AS OHA1988320.,1,39,Cuyahoga,35,117900,2,2005,Cuyahoga,35,16000,Cleveland,16000,Cleveland city,C2,,1680,"Cleveland-Lorain-Elyria, OH PMSA",1,0,3911,1104,S,,16908 Euclid Ave,,Cleveland,OH,44112,1450,,44112,99,0,44112145099,H,,,,1,,,A,,90% Overall probable correctness,41.548444,-81.562231,S,,R,U,** Street-Level Rooftop **,17460,"Cleveland-Elyria, OH Metropolitan Statistical Area",99999,,39035,3916000,39035117900,390351179002,-9079466.0229,5093576.7187
34504,OHA19900180,LEXINGTON VILLAGE APTS II,1675 E 79TH ST,CLEVELAND,OH,44103,OH-88-0210,,,,,,,,,63,40,,,,,,,,,1990,1988,2,2,,,,,,,,,,,,,,,,,,,,,,,,,1,,63,40,,2,,,1,39,Cuyahoga,35,112500,2,2011,Cuyahoga,35,16000,Cleveland,16000,Cleveland city,C2,,1680,"Cleveland-Lorain-Elyria, OH PMSA",1,0,3911,1104,S,,1675 E 79th St,,Cleveland,OH,44103,3452,,44103,75,2,44103345275,S,,,,1,,,A,,90% Overall probable correctness,41.510806,-81.633355,S,,R,U,** Street-Level Rooftop **,17460,"Cleveland-Elyria, OH Metropolitan Statistical Area",99999,,39035,3916000,39035112500,390351125002,-9087383.5103,5087979.9109
34512,OHA00000117,WESTERLY I,14300 DETROIT AVE,LAKEWOOD,OH,44107,OH1012-1060,,,,,,,,,122,,,,,,,,,,8888,2013,,,,,,,,,,,,,,,,,,,,,,,,,,,,,122,122,,,,PROPERTY RECORD ADDED FROM HUD STUDY DATA FILE.,1,39,Cuyahoga,35,160500,3,3004,Cuyahoga,35,41664,Lakewood,41664,Lakewood city,C2,,1680,"Cleveland-Lorain-Elyria, OH PMSA",1,0,3911,2628,S,,14300 Detroit Ave,,Lakewood,OH,44107,4416,,44107,99,1,44107441699,H,,,,1,,,A,,90% Overall probable correctness,41.4856,-81.79374,S,,R,U,** Street-Level Rooftop **,17460,"Cleveland-Elyria, OH Metropolitan Statistical Area",99999,,39035,3941664,39035160500,390351605003,-9105237.4869,5084233.5728
34518,OHA19880505,SHAKER COLONY APTS,10502 SHAKER BLVD,CLEVELAND,OH,44104,OH-88-0271,,,,,,,,,39,39,,,,,,,,,1988,1988,2,2,,,,2,,,,,,,,,,,,,,,,,,,,,2,3,39,39,,2,1,,1,39,Cuyahoga,35,119300,3,3010,Cuyahoga,35,16000,Cleveland,16000,Cleveland city,C2,,1680,"Cleveland-Lorain-Elyria, OH PMSA",1,0,3911,1104,S,,10502 Shaker Blvd,,Cleveland,OH,44104,3764,,44104,99,9,44104376499,H,,,,1,,,A,,90% Overall probable correctness,41.483265,-81.611997,S,,R,U,** Street-Level Rooftop **,17460,"Cleveland-Elyria, OH Metropolitan Statistical Area",99999,,39035,3916000,39035119300,390351193003,-9085005.9487,5083886.5983
34533,OHA19900220,MEAD HOUSE,4909 MEAD AVE,CLEVELAND,OH,44127,OH-89-0408,,,,,,,,,16,16,,,,,,,,,1990,1989,1,2,2,,,2,,,,,,,,,,,,,,,,,,,,,1,2,16,16,,2,1,,1,39,Cuyahoga,35,110501,2,2017,Cuyahoga,35,16000,Cleveland,16000,Cleveland city,C2,,1680,"Cleveland-Lorain-Elyria, OH PMSA",1,0,3911,1104,S,,4909 Mead Ave,,Cleveland,OH,44127,1133,,44127,9,5,44127113309,S,,,,1,,,A,,90% Overall probable correctness,41.472797,-81.656249,S,,R,U,** Street-Level Rooftop **,17460,"Cleveland-Elyria, OH Metropolitan Statistical Area",99999,,39035,3916000,39035110501,390351105012,-9089932.0588,5082331.2362
34535,OHA19900230,MILES PROJECT,11725 MILES AVE,CLEVELAND,OH,44105,OH-90-0560,,,,,,,,,5,5,,,,,,,,,1990,1990,2,2,,,,,,,,,,,,,,,,,,,,,,,,,2,,5,5,,2,1,,1,39,Cuyahoga,35,121403,2,2006,Cuyahoga,35,16000,Cleveland,16000,Cleveland city,C2,,1680,"Cleveland-Lorain-Elyria, OH PMSA",1,0,3911,1104,S,,11725 Miles Ave,,Cleveland,OH,44105,5469,,44105,25,5,44105546925,S,,,,1,,,A,,90% Overall probable correctness,41.445398,-81.600824,S,,R,U,** Street-Level Rooftop **,17460,"Cleveland-Elyria, OH Metropolitan Statistical Area",99999,,39035,3916000,39035121403,390351214032,-9083762.176,5078261.4116
34543,OHA19870040,CHN,663 E 102ND ST,CLEVELAND,OH,44108,OH-87-0107,,,,,,,,,40,40,,,,,,,,,1987,1987,1,2,,,,2,,,,,,,,,,,,,,,,,,,,,2,3,40,40,,2,,,1,39,Cuyahoga,35,116100,2,2002,Cuyahoga,35,16000,Cleveland,16000,Cleveland city,C2,,1680,"Cleveland-Lorain-Elyria, OH PMSA",1,0,3911,1104,N,,663 E 102nd St,,Cleveland,OH,44108,1326,,44108,63,2,44108132663,S,,,,1,,,A,,90% Overall probable correctness,41.538627,-81.618166,S,,R,U,** Street-Level Rooftop **,17460,"Cleveland-Elyria, OH Metropolitan Statistical Area",99999,,39035,3916000,39035116100,390351161002,-9085692.6786,5092116.6072
34548,OHA19880560,TEMAR PROPERTIES I,13410 SECOND AVE,EAST CLEVELAND,OH,44112,OH-88-0280,,,,,,,,,21,21,,,,,,,,,1988,1988,2,2,,,,2,,,,,,,,,,,,,,,,,,,,,2,2,21,21,,2,,,1,39,Cuyahoga,35,150300,3,3006,Cuyahoga,35,23380,East Cleveland,23380,East Cleveland city,C2,,1680,"Cleveland-Lorain-Elyria, OH PMSA",1,0,3911,1500,,,13410 2nd Ave,,East Cleveland,OH,44112,,,44112,,,,,,,,2,,,A,V,80% Overall probable correctness,41.531365,-81.589067,S,,R,U,** Street-Level Rooftop **,17460,"Cleveland-Elyria, OH Metropolitan Statistical Area",99999,,39035,3923380,39035150300,390351503003,-9082453.3927,5091036.651
34549,OHA19880565,TEMAR PROPERTIES II,803 EDDY RD,CLEVELAND,OH,44108,OH-88-0281,,,,,,,,,15,15,,,,,,,,,1988,1988,2,2,,,,2,,,,,,,,,,,,,,,,,,,,,2,2,15,15,,2,,,1,39,Cuyahoga,35,116800,3,3002,Cuyahoga,35,16000,Cleveland,16000,Cleveland city,C2,,1680,"Cleveland-Lorain-Elyria, OH PMSA",1,0,3911,1104,Y,,803 Eddy Rd Apt 5,,Cleveland,OH,44108,2378,,44108,5,8,44108237805,H,5,Apt,,0,,,,,100% Overall probable correctness,41.535423,-81.59944,S,,R,U,** Street-Level Rooftop **,17460,"Cleveland-Elyria, OH Metropolitan Statistical Area",99999,,39035,3916000,39035116800,390351168003,-9083608.1098,5091640.1147
34558,OHA19890440,MUSICIANS TOWERS,2727 LANCASHIRE RD,CLEVELAND HEIGHTS,OH,44106,OH-89-0421,,,,,,,,,240,240,,,,,,,,,1989,1989,2,2,2,1,,2,,2,0,2,0,2,0,,,0,2,0,,,,,,,,,2,3,240,240,,2,1,,1,39,Cuyahoga,35,141100,2,2003,Cuyahoga,35,16014,Cleveland Heights,16014,Cleveland Heights city,C2,,1680,"Cleveland-Lorain-Elyria, OH PMSA",1,0,3911,1110,S,,2727 Lancashire Rd,,Cleveland Heights,OH,44106,5518,,44106,99,8,44106551899,H,,,,1,,,A,,90% Overall probable correctness,41.5087,-81.582645,S,,R,U,** Street-Level Rooftop **,17460,"Cleveland-Elyria, OH Metropolitan Statistical Area",99999,,39035,3916014,39035141100,390351411002,-9081738.499,5087666.8427
34565,OHA19900275,CHN VI,1157 E 77TH ST,CLEVELAND,OH,44103,OH-89-0430,,,,,,,,,78,78,,,,,,,,,1990,1989,1,2,2,,,2,,,,,,,,,,,,,,,,,,,,,2,2,78,78,,2,1,,1,39,Cuyahoga,35,111700,1,1004,Cuyahoga,35,16000,Cleveland,16000,Cleveland city,C2,,1680,"Cleveland-Lorain-Elyria, OH PMSA",1,0,3911,1104,S,,1157 E 77th St,,Cleveland,OH,44103,2007,,44103,57,7,44103200757,S,,,,1,,,A,,90% Overall probable correctness,41.523967,-81.635217,S,,R,U,** Street-Level Rooftop **,17460,"Cleveland-Elyria, OH Metropolitan Statistical Area",99999,,39035,3916000,39035111700,390351117001,-9087590.7872,5089936.5944
34574,OHA19870090,LONGWOOD APTS,3510 LONGWOOD AVE,CLEVELAND,OH,44115,OH-87-0118,,,,,,,,,820,820,,,,,,,,,1987,1987,2,2,,,,2,,,,,,,,,,,,,,,,,,,,,2,3,820,820,,2,1,,1,39,Cuyahoga,35,109701,1,1002,Cuyahoga,35,16000,Cleveland,16000,Cleveland city,C2,,1680,"Cleveland-Lorain-Elyria, OH PMSA",1,0,3911,1104,S,,3510 Longwood Ave,,Cleveland,OH,44115,3320,,44115,10,6,44115332010,S,,,,1,,,A,,90% Overall probable correctness,41.491913,-81.664041,S,,R,U,** Street-Level Rooftop **,17460,"Cleveland-Elyria, OH Metropolitan Statistical Area",99999,,39035,3916000,39035109701,390351097011,-9090799.4602,5085171.7297
34575,OHA19880585,TIGIE,4153 E 123RD ST,CLEVELAND,OH,44105,OH-88-0286,,,,,,,,,2,2,,,,,,,,,1988,1988,2,2,,,,2,,,,,,,,,,,,,,,,,,,,,2,3,2,2,,2,,,1,39,Cuyahoga,35,121403,2,2001,Cuyahoga,35,16000,Cleveland,16000,Cleveland city,C2,,1680,"Cleveland-Lorain-Elyria, OH PMSA",1,0,3911,1104,S,,4153 E 123rd St,,Cleveland,OH,44105,5450,,44105,53,4,44105545053,S,,,,1,,,A,,90% Overall probable correctness,41.446245,-81.596486,S,,R,U,** Street-Level Rooftop **,17460,"Cleveland-Elyria, OH Metropolitan Statistical Area",99999,,39035,3916000,39035121403,390351214032,-9083279.272,5078387.1985
34588,OHA19890480,OTHELLO PROPERTY,562 E 140TH ST,CLEVELAND,OH,44110,OH-89-0434,,,,,,,,,6,6,,,,,,,,,1989,1989,2,2,2,,,2,,,,,,,,,,,,,,,,,,,,,2,2,6,6,,2,1,,1,39,Cuyahoga,35,117102,1,1004,Cuyahoga,35,16000,Cleveland,16000,Cleveland city,C2,,1680,"Cleveland-Lorain-Elyria, OH PMSA",1,0,3911,1104,S,,562 E 140th St,,Cleveland,OH,44110,1982,,44110,99,2,44110198299,H,,,,1,,,A,,90% Overall probable correctness,41.566363,-81.585468,S,,R,U,** Street-Level Rooftop **,17460,"Cleveland-Elyria, OH Metropolitan Statistical Area",99999,,39035,3916000,39035117102,390351171021,-9082052.7539,5096242.4366
34590,OHA19900285,PARAMOUNT,5500 NORTHFIELD RD,MAPLE HEIGHTS,OH,44137,OH-89-0437,,,,,,,,,99,99,,,,,,,,,1990,1989,1,2,2,,,2,,,,,,,,,,,,,,,,,,,,,2,2,99,99,,2,1,,1,39,Cuyahoga,35,171102,1,1004,Cuyahoga,35,47306,Maple Heights,47306,Maple Heights city,C2,,1680,"Cleveland-Lorain-Elyria, OH PMSA",1,0,3911,3024,S,,5500 Northfield Rd,,Maple Heights,OH,44137,3114,,44137,0,2,44137311400,S,,,,1,,,A,,90% Overall probable correctness,41.410883,-81.527549,S,,R,U,** Street-Level Rooftop **,17460,"Cleveland-Elyria, OH Metropolitan Statistical Area",99999,,39035,3947306,39035171102,390351711021,-9075605.2403,5073137.0275
34601,OHA19870115,OLYMPIA BUILDING,3335 E 55TH ST,CLEVELAND,OH,44127,OH-87-0123,,,,,,,,,20,20,,,,,,,,,1987,1987,2,2,,,,2,,,,,,,,,,,,,,,,,,,,,2,2,20,20,,2,,,1,39,Cuyahoga,35,114900,4,4000,Cuyahoga,35,16000,Cleveland,16000,Cleveland city,C2,,1680,"Cleveland-Lorain-Elyria, OH PMSA",1,0,3911,1104,S,,3335 E 55th St,,Cleveland,OH,44127,1547,,44127,35,7,44127154735,S,,,,1,,,A,,90% Overall probable correctness,41.467781,-81.651073,S,,R,U,** Street-Level Rooftop **,17460,"Cleveland-Elyria, OH Metropolitan Statistical Area",99999,,39035,3916000,39035114900,390351149004,-9089355.8691,5081586.0352
34602,OHA19870120,PANEK BUILDING,3150 E 49TH ST,CLEVELAND,OH,44127,OH-87-0124,,,,,,,,,11,11,,,,,,,,,1987,1987,2,2,,,,2,,,,,,,,,,,,,,,,,,,,,2,2,11,11,,2,,,1,39,Cuyahoga,35,110801,2,2007,Cuyahoga,35,16000,Cleveland,16000,Cleveland city,C2,,1680,"Cleveland-Lorain-Elyria, OH PMSA",1,0,3911,1104,N,,3150 E 49th St,,Cleveland,OH,44127,1050,,44127,50,1,44127105050,S,,,,1,,,A,,90% Overall probable correctness,41.471988,-81.657485,S,,R,U,** Street-Level Rooftop **,17460,"Cleveland-Elyria, OH Metropolitan Statistical Area",99999,,39035,3916000,39035110801,390351108012,-9090069.6497,5082211.0434
34610,OHA19880650,WYMORE,1755 WYMORE AVE,EAST CLEVELAND,OH,44112,OH-88-0304,,,,,,,,,19,19,,,,,,,,,1988,1988,2,2,,,,2,,,,,,,,,,,,,,,,,,,,,2,1,19,19,,2,,,1,39,Cuyahoga,35,151400,1,1007,Cuyahoga,35,23380,East Cleveland,23380,East Cleveland city,C2,,1680,"Cleveland-Lorain-Elyria, OH PMSA",1,0,3911,1500,N,,1755 Wymore Ave,,East Cleveland,OH,44112,3320,,44112,55,0,44112332055,S,,,,1,,,A,,90% Overall probable correctness,41.533339,-81.580989,S,,R,U,** Street-Level Rooftop **,17460,"Cleveland-Elyria, OH Metropolitan Statistical Area",99999,,39035,3923380,39035151400,390351514001,-9081554.1539,5091330.1991
34632,OHA19870150,ROBERT D HART,1554 LAKEWOOD AVE,LAKEWOOD,OH,44107,OH-87-0130,,,,,,,,,4,4,,,,,,,,,1987,1987,2,2,,,,2,,,,,,,,,,,,,,,,,,,,,2,3,4,4,,2,,,1,39,Cuyahoga,35,161600,1,1008,Cuyahoga,35,41664,Lakewood,41664,Lakewood city,C2,,1680,"Cleveland-Lorain-Elyria, OH PMSA",1,0,3911,2628,S,,1554 Lakewood Ave,,Lakewood,OH,44107,4970,,44107,99,6,44107497099,H,,,,1,,,A,,90% Overall probable correctness,41.480049,-81.776563,S,,R,U,** Street-Level Rooftop **,17460,"Cleveland-Elyria, OH Metropolitan Statistical Area",99999,,39035,3941664,39035161600,390351616001,-9103325.352,5083408.7301
34667,OHA19890060,BISHOP,1809 FULTON RD,CLEVELAND,OH,44113,OH-89-0320,,,,,,,,,6,6,,,,,,,,,1989,1989,2,2,2,,,2,,,,,,,,,,,,,,,,,,,,,2,1,6,6,,2,1,,1,39,Cuyahoga,35,103602,2,2026,Cuyahoga,35,16000,Cleveland,16000,Cleveland city,C2,,1680,"Cleveland-Lorain-Elyria, OH PMSA",1,0,3911,1104,S,,1809 Fulton Rd,,Cleveland,OH,44113,3097,,44113,99,0,44113309799,H,,,,1,,,A,,90% Overall probable correctness,41.484464,-81.709584,S,,R,U,** Street-Level Rooftop **,17460,"Cleveland-Elyria, OH Metropolitan Statistical Area",99999,,39035,3916000,39035103602,390351036022,-9095869.2838,5084064.7648
34690,OHA19880010,ALHAMBRA,8604 WADE PARK AVE,CLEVELAND,OH,44106,OH-88-0145,,,,,,,,,58,58,,,,,,,,,1988,1988,2,2,,,,2,,,,,,,,,,,,,,,,,,,,,2,1,58,58,,2,,,1,39,Cuyahoga,35,112600,1,1001,Cuyahoga,35,16000,Cleveland,16000,Cleveland city,C2,,1680,"Cleveland-Lorain-Elyria, OH PMSA",1,0,3911,1104,N,,8604 Wade Park Ave,,Cleveland,OH,44106,3739,,44106,4,9,44106373904,S,,,,1,,,A,,90% Overall probable correctness,41.515639,-81.627443,S,,R,U,** Street-Level Rooftop **,17460,"Cleveland-Elyria, OH Metropolitan Statistical Area",99999,,39035,3916000,39035112600,390351126001,-9086725.3895,5088698.4006
34700,OHA19890125,CHN VI,1261 NORWOOD RD,CLEVELAND,OH,44103,OH-89-0327,,,,,,,,,2,2,,,,,,,,,1989,1989,1,2,2,,,2,,,,,,,,,,,,,,,,,,,,,2,2,2,2,,2,1,,1,39,Cuyahoga,35,111500,2,2008,Cuyahoga,35,16000,Cleveland,16000,Cleveland city,C2,,1680,"Cleveland-Lorain-Elyria, OH PMSA",1,0,3911,1104,S,,1261 Norwood Rd,,Cleveland,OH,44103,1501,,44103,61,4,44103150161,S,,,,1,,,A,,90% Overall probable correctness,41.51955,-81.645612,S,,R,U,** Street-Level Rooftop **,17460,"Cleveland-Elyria, OH Metropolitan Statistical Area",99999,,39035,3916000,39035111500,390351115002,-9088747.9533,5089279.862
34701,OHA19890130,CLEVELAND MULTIFAMILY I,1788 W 45TH ST,CLEVELAND,OH,44102,OH-88-0173,,,,,,,,,31,31,,,,,,,,,1989,1988,1,2,,,,,,,,,,,,,,,,,,,,,,,,,2,,31,31,,2,,,1,39,Cuyahoga,35,103500,2,2006,Cuyahoga,35,16000,Cleveland,16000,Cleveland city,C2,,1680,"Cleveland-Lorain-Elyria, OH PMSA",1,0,3911,1104,S,,1788 W 45th St,,Cleveland,OH,44102,3404,,44102,88,2,44102340488,S,,,,1,,,A,,90% Overall probable correctness,41.484592,-81.717914,S,,R,U,** Street-Level Rooftop **,17460,"Cleveland-Elyria, OH Metropolitan Statistical Area",99999,,39035,3916000,39035103500,390351035002,-9096796.5752,5084083.7853
34709,OHA19890645,VALLEYFIELD WEST APTS,19655 ROCKSIDE RD,BEDFORD,OH,44146,OH-89-0478,,,,,,,,,74,74,,,,,,,,,1989,1989,2,1,2,,,2,,,,,,,,,,,,,,,,,,,,,1,2,74,74,,2,1,,1,39,Cuyahoga,35,132100,4,4005,Cuyahoga,35,4878,Bedford,4878,Bedford city,C2,,1680,"Cleveland-Lorain-Elyria, OH PMSA",1,0,3911,366,S,,19655 Rockside Rd,,Bedford,OH,44146,7203,,44146,99,1,44146720399,H,,,,1,,,A,,90% Overall probable correctness,41.408781,-81.540749,S,,R,U,** Street-Level Rooftop **,17460,"Cleveland-Elyria, OH Metropolitan Statistical Area",99999,,39035,3904878,39035132100,390351321004,-9077074.6576,5072825.0351
34715,OHA19910080,CHN VII,1539 E 34TH ST,CLEVELAND,OH,44114,OH-90-0526,,,,,,,,,99,99,,,,,,,,,1991,1990,1,2,2,,,2,,,,,,,,,,,,,,,,,,,,,2,2,99,99,,2,,,1,39,Cuyahoga,35,108400,2,2007,Cuyahoga,35,16000,Cleveland,16000,Cleveland city,C2,,1680,"Cleveland-Lorain-Elyria, OH PMSA",1,0,3911,1104,S,,1539 E 34th St,,Cleveland,OH,44114,4325,,44114,39,0,44114432539,S,,,,1,,,A,,90% Overall probable correctness,41.511369,-81.666013,S,,R,U,** Street-Level Rooftop **,17460,"Cleveland-Elyria, OH Metropolitan Statistical Area",99999,,39035,3916000,39035108400,390351084002,-9091018.9823,5088063.6055
34721,OHA19880055,BELMORE APTS,1851 BELMORE RD,EAST CLEVELAND,OH,44112,OH-88-0154,,,,,,,,,22,22,,,,,,,,,1988,1988,2,2,,,,2,,,,,,,,,,,,,,,,,,,,,2,3,22,22,,2,,,1,39,Cuyahoga,35,151500,1,1003,Cuyahoga,35,23380,East Cleveland,23380,East Cleveland city,C2,,1680,"Cleveland-Lorain-Elyria, OH PMSA",1,0,3911,1500,N,,1851 Belmore Rd,,East Cleveland,OH,44112,4301,,44112,51,4,44112430151,S,,,,1,,,A,,90% Overall probable correctness,41.52607,-81.582916,S,,R,U,** Street-Level Rooftop **,17460,"Cleveland-Elyria, OH Metropolitan Statistical Area",99999,,39035,3923380,39035151500,390351515001,-9081768.6666,5090249.2903
34725,OHA19890135,CLEVELAND MULTIFAMILY II,3565 E 59TH ST,CLEVELAND,OH,44105,OH-89-0337,,,,,,,,,41,41,,,,,,,,,1989,1989,1,2,2,,,2,,,,,,,,,,,,,,,,,,,,,2,2,41,41,,2,1,,1,39,Cuyahoga,35,115200,1,1000,Cuyahoga,35,16000,Cleveland,16000,Cleveland city,C2,,1680,"Cleveland-Lorain-Elyria, OH PMSA",1,0,3911,1104,,,3565 E 59th St,,Cleveland,OH,44105,,,44105,,,,,,,,1,,,A,V,90% Overall probable correctness,41.461229,-81.648435,S,,R,U,** Street-Level Rooftop **,17460,"Cleveland-Elyria, OH Metropolitan Statistical Area",99999,,39035,3916000,39035115200,390351152001,-9089062.2083,5080612.7254
34728,OHA19890150,CONCEPT APTS II,4307 LEE RD,CLEVELAND,OH,44128,OH-89-0344,,,,,,,,,24,24,,,,,,,,,1989,1989,2,2,2,,,2,,,,,,,,,,,,,,,,,,,,,1,2,24,24,,2,1,,1,39,Cuyahoga,35,122100,3,3010,Cuyahoga,35,16000,Cleveland,16000,Cleveland city,C2,,1680,"Cleveland-Lorain-Elyria, OH PMSA",1,0,3911,1104,N,,4307 Lee Rd,,Cleveland,OH,44128,2403,,44128,7,5,44128240307,S,,,,1,,,A,,90% Overall probable correctness,41.441955,-81.564565,S,,R,U,** Street-Level Rooftop **,17460,"Cleveland-Elyria, OH Metropolitan Statistical Area",99999,,39035,3916000,39035122100,390351221003,-9079725.8426,5077750.1128
34729,OHA19890155,CORNERSTONE I,1789 E 90TH ST,CLEVELAND,OH,44106,OH-89-0416,,,,,,,,,30,30,,,,,,,,,1989,1989,1,1,2,,,2,,,,,,,,,,,,,,,,,,,,,2,3,30,30,,2,1,AKA NOAH MIDTOWN I.,1,39,Cuyahoga,35,118900,1,1003,Cuyahoga,35,16000,Cleveland,16000,Cleveland city,C2,,1680,"Cleveland-Lorain-Elyria, OH PMSA",1,0,3911,1104,S,,1789 E 90th St,,Cleveland,OH,44106,2059,,44106,89,2,44106205989,S,,,,1,,,A,,90% Overall probable correctness,41.508692,-81.622898,S,,R,U,** Street-Level Rooftop **,17460,"Cleveland-Elyria, OH Metropolitan Statistical Area",99999,,39035,3916000,39035118900,390351189001,-9086219.4424,5087665.6535
34736,OHA19890670,WADE PARK,8604 WADE PARK AVE,CLEVELAND,OH,44106,OH-89-0484,,,,,,,,,58,58,,,,,,,,,1989,1989,2,2,2,,,2,,,,,,,,,,,,,,,,,,,,,2,2,58,58,,2,,,1,39,Cuyahoga,35,112600,1,1001,Cuyahoga,35,16000,Cleveland,16000,Cleveland city,C2,,1680,"Cleveland-Lorain-Elyria, OH PMSA",1,0,3911,1104,N,,8604 Wade Park Ave,,Cleveland,OH,44106,3739,,44106,4,9,44106373904,S,,,,1,,,A,,90% Overall probable correctness,41.515639,-81.627443,S,,R,U,** Street-Level Rooftop **,17460,"Cleveland-Elyria, OH Metropolitan Statistical Area",99999,,39035,3916000,39035112600,390351126001,-9086725.3895,5088698.4006
34740,OHA00000042,EUCLID-LEE ELDERLY,4345 LEE RD,CLEVELAND,OH,44128,110128,,,,,,,,,79,,,,,,,,,,8888,8888,,,,,,,,,,,,,,,,,,,,,,,,,,,,,79,79,,,,,2,39,Cuyahoga,35,122100,3,3010,Cuyahoga,35,16000,Cleveland,16000,Cleveland city,C2,,1680,"Cleveland-Lorain-Elyria, OH PMSA",1,0,3911,1104,S,,4345 Lee Rd,,Cleveland,OH,44128,2400,,44128,99,7,44128240099,H,,,,1,,,A,,90% Overall probable correctness,41.440639,-81.564559,S,,R,U,** Street-Level Rooftop **,17460,"Cleveland-Elyria, OH Metropolitan Statistical Area",99999,,39035,3916000,39035122100,390351221003,-9079725.1747,5077554.6889
34754,OHA19880115,CHN V,3759 E 116TH ST,CLEVELAND,OH,44105,OH-88-0167,,,,,,,,,3,3,,,,,,,,,1988,1988,1,2,,,,2,,,,,,,,,,,,,,,,,,,,,2,2,3,3,,2,,,1,39,Cuyahoga,35,121100,3,3001,Cuyahoga,35,16000,Cleveland,16000,Cleveland city,C2,,1680,"Cleveland-Lorain-Elyria, OH PMSA",1,0,3911,1104,S,,3759 E 116th St,,Cleveland,OH,44105,2860,,44105,99,2,44105286099,H,,,,1,,,A,,90% Overall probable correctness,41.456398,-81.60243,S,,R,U,** Street-Level Rooftop **,17460,"Cleveland-Elyria, OH Metropolitan Statistical Area",99999,,39035,3916000,39035121100,390351211003,-9083940.9551,5079895.1359
34774,OHA00000057,HELEN S BROWN TOWER,1821 NOBLE RD,EAST CLEVELAND,OH,44112,100105,,,,,,,,,64,,,,,,,,,,8888,8888,,,,,,,,,,,,,,,,,,,,,,,,,,,,,64,64,,,,,1,39,Cuyahoga,35,151100,1,1001,Cuyahoga,35,23380,East Cleveland,23380,East Cleveland city,C2,,1680,"Cleveland-Lorain-Elyria, OH PMSA",1,0,3911,1500,S,,1821 Noble Rd,,East Cleveland,OH,44112,1668,,44112,99,9,44112166899,H,,,,1,,,A,,90% Overall probable correctness,41.543373,-81.567437,S,,R,U,** Street-Level Rooftop **,17460,"Cleveland-Elyria, OH Metropolitan Statistical Area",99999,,39035,3923380,39035151100,390351511001,-9080045.5522,5092822.4662
34775,OHA00000058,HERITAGE VIEW HOMES II,2972 E 75TH ST,CLEVELAND,OH,44104,100002,,,,,,,,,56,,,,,,,,,,8888,8888,,,,,,,,,,,,,,,,,,,,,,,,,,,,,56,56,,,,,2,39,Cuyahoga,35,114300,1,1016,Cuyahoga,35,16000,Cleveland,16000,Cleveland city,C2,,1680,"Cleveland-Lorain-Elyria, OH PMSA",1,0,3911,1104,S,,2972 E 75th St,,Cleveland,OH,44104,4045,,44104,72,5,44104404572,S,,,,1,,,A,,90% Overall probable correctness,41.477924,-81.636523,S,,R,U,** Street-Level Rooftop **,17460,"Cleveland-Elyria, OH Metropolitan Statistical Area",99999,,39035,3916000,39035114300,390351143001,-9087736.1705,5083092.9876
34776,OHA00000059,HERITAGE VIEW HOMES III,7203 BELL AVE,CLEVELAND,OH,44104,100088,,,,,,,,,69,,,,,,,,,,8888,8888,,,,,,,,,,,,,,,,,,,,,,,,,,,,,69,69,,,,,2,39,Cuyahoga,35,114300,1,,Cuyahoga,35,16000,Cleveland,16000,Cleveland city,C2,,9999,,1,0,3911,1104,S,,7203 Bell Ave,,Cleveland,OH,44104,4175,,44104,3,7,44104417503,S,,,,1,,,A,,90% Overall probable correctness,41.4794,-81.6345,9,S,B,U,**  Centroid Lat/Long   **,17460,"Cleveland-Elyria, OH Metropolitan Statistical Area",99999,,39035,3916000,39035114300,390351143001,-9087510.9712,5083312.2975
34777,OHA19880120,CHN V,4918 MEAD AVE,CLEVELAND,OH,44127,OH-88-0165,,,,,,,,,77,77,,,,,,,,,1988,1988,1,2,,,,2,,,,,,,,,,,,,,,,,,,,,2,3,77,77,,2,,,1,39,Cuyahoga,35,110501,2,2002,Cuyahoga,35,16000,Cleveland,16000,Cleveland city,C2,,1680,"Cleveland-Lorain-Elyria, OH PMSA",1,0,3911,1104,S,,4918 Mead Ave,,Cleveland,OH,44127,1134,,44127,18,4,44127113418,S,,,,1,,,A,,90% Overall probable correctness,41.472666,-81.655755,S,,R,U,** Street-Level Rooftop **,17460,"Cleveland-Elyria, OH Metropolitan Statistical Area",99999,,39035,3916000,39035110501,390351105012,-9089877.0669,5082311.7735
34873,OHA00000033,DOAN CLASSROOM APTS,1350 E 105TH ST,CLEVELAND,OH,44106,90162,,,,,,,,,44,,,,,,,,,,8888,8888,,,,,,,,,,,,,,,,,,,,,,,,,,,,,44,44,,,,,2,39,Cuyahoga,35,118301,1,1000,Cuyahoga,35,16000,Cleveland,16000,Cleveland city,C2,,1680,"Cleveland-Lorain-Elyria, OH PMSA",1,0,3911,1104,S,,1350 E 105th St,,Cleveland,OH,44106,1114,,44106,99,0,44106111499,H,,,,1,,,A,,90% Overall probable correctness,41.520857,-81.615687,S,,R,U,** Street-Level Rooftop **,17460,"Cleveland-Elyria, OH Metropolitan Statistical Area",99999,,39035,3916000,39035118301,390351183011,-9085416.7176,5089474.1859
34874,OHA00000034,EAST SIDE NEIGHBORHOOD HOMES,7613 COLFAX RD,CLEVELAND,OH,44104,20143,,,,,,,,,85,,,,,,,,,,8888,8888,,,,,,,,,,,,,,,,,,,,,,,,,,,,,85,85,,,,,2,39,Cuyahoga,35,114300,1,1008,Cuyahoga,35,16000,Cleveland,16000,Cleveland city,C2,,1680,"Cleveland-Lorain-Elyria, OH PMSA",1,0,3911,1104,S,,7613 Colfax Rd,,Cleveland,OH,44104,4014,,44104,13,4,44104401413,S,,,,1,,,A,,90% Overall probable correctness,41.479539,-81.635077,S,,R,U,** Street-Level Rooftop **,17460,"Cleveland-Elyria, OH Metropolitan Statistical Area",99999,,39035,3916000,39035114300,390351143001,-9087575.2025,5083332.951
34877,OHA00000039,EMERALD ALLIANCE VI,11529 BUCKEYE RD,CLEVELAND,OH,44104,110027,,,,,,,,,65,,,,,,,,,,8888,2011,,,,,,,,,,,,,,,,,,,,,,,,,,,,,65,65,,,,PREVIOUSLY LISTED AS OHA0000038.,2,39,Cuyahoga,35,119300,3,3013,Cuyahoga,35,16000,Cleveland,16000,Cleveland city,C2,,1680,"Cleveland-Lorain-Elyria, OH PMSA",1,0,3911,1104,S,,11529 Buckeye Rd,,Cleveland,OH,44104,3838,,44104,99,7,44104383899,H,,,,1,,,A,,90% Overall probable correctness,41.481278,-81.603883,S,,R,U,** Street-Level Rooftop **,17460,"Cleveland-Elyria, OH Metropolitan Statistical Area",99999,,39035,3916000,39035119300,390351193003,-9084102.7023,5083591.3455
34878,OHA00000040,HAWKS LANDING,14710 PURITAS AVE,CLEVELAND,OH,44135,110127,,,,,,,,,144,134,0,60,84,0,0,,,,8888,8888,,,,,,,,,,,,,,,,,,,4,,,,,,,,,,144,134,,,,,2,39,Cuyahoga,35,124202,2,2006,Cuyahoga,35,16000,Cleveland,16000,Cleveland city,C2,,1680,"Cleveland-Lorain-Elyria, OH PMSA",1,0,3911,1104,S,,14710 Puritas Ave,,Cleveland,OH,44135,2818,,44135,10,3,44135281810,S,,,,1,,,A,,90% Overall probable correctness,41.433803,-81.798954,S,,R,U,** Street-Level Rooftop **,17460,"Cleveland-Elyria, OH Metropolitan Statistical Area",99999,,39035,3916000,39035124202,390351242022,-9105817.9067,5076539.6175
35087,OHA00000003,"APARTMENTS AT ST RICHARD, THE",26855 LORAIN RD,NORTH OLMSTED,OH,44070,OH1012-1113,,,,,,,,,34,,,,,,,,,,8888,2012,,,,,,,,,,,,,,,,,,,,,,,,,,,,,34,34,,,,PROPERTY RECORD ADDED FROM HUD STUDY DATA FILE.,1,39,Cuyahoga,35,174205,2,2003,Cuyahoga,35,56882,North Olmsted,56882,North Olmsted city,C2,,1680,"Cleveland-Lorain-Elyria, OH PMSA",1,0,3907,3822,S,,26855 Lorain Rd,,North Olmsted,OH,44070,3210,,44070,55,9,44070321055,S,,,,1,,,A,,90% Overall probable correctness,41.417548,-81.919364,S,,R,U,** Street-Level Rooftop **,17460,"Cleveland-Elyria, OH Metropolitan Statistical Area",99999,,39035,3956882,39035174205,390351742052,-9119221.8866,5074126.3567
35138,OHA00000016,BOULEVARD NEAL APTS,10119 DETROIT AVE,CLEVELAND,OH,44102,110133,,,,,,,,,163,,,,,,,,,,8888,8888,,,,,,,,,,,,,,,,,,,,,,,,,,,,,163,163,,,,,2,39,Cuyahoga,35,101501,1,1000,Cuyahoga,35,16000,Cleveland,16000,Cleveland city,C2,,1680,"Cleveland-Lorain-Elyria, OH PMSA",1,0,3911,1104,Y,,10119 Detroit Ave Apt 6,,Cleveland,OH,44102,2657,,44102,6,3,44102265706,H,6,Apt,,0,,,,,100% Overall probable correctness,41.479799,-81.754447,S,,R,U,** Street-Level Rooftop **,17460,"Cleveland-Elyria, OH Metropolitan Statistical Area",99999,,39035,3916000,39035101501,390351015011,-9100863.4101,5083371.5834
35143,OHA00000023,CLEVELAND GREEN HOMES II LP,2919 E 123RD ST,CLEVELAND,OH,44120,90038,,,,,,,,,29,,,,,,,,,,8888,8888,,,,,,,,,,,,,,,,,,,,,,,,,,,,,29,29,,,,,2,39,Cuyahoga,35,119402,2,2004,Cuyahoga,35,16000,Cleveland,16000,Cleveland city,C2,,1680,"Cleveland-Lorain-Elyria, OH PMSA",1,0,3911,1104,S,,2919 E 123rd St,,Cleveland,OH,44120,2665,,44120,19,0,44120266519,S,,,,1,,,A,,90% Overall probable correctness,41.479443,-81.596989,S,,R,U,** Street-Level Rooftop **,17460,"Cleveland-Elyria, OH Metropolitan Statistical Area",99999,,39035,3916000,39035119402,390351194022,-9083335.2657,5083318.6867
35144,OHA00000024,CLEVELAND GREEN HOMES III,6706 SEBERT AVE,CLEVELAND,OH,44105,120011,,,,,,,,,31,,,,,,,,,,8888,8888,,,,,,,,,,,,,,,,,,,,,,,,,,,,,31,31,,,,,2,39,Cuyahoga,35,115200,1,1012,Cuyahoga,35,16000,Cleveland,16000,Cleveland city,C2,,1680,"Cleveland-Lorain-Elyria, OH PMSA",1,0,3911,1104,S,,6706 Sebert Ave,,Cleveland,OH,44105,1438,,44105,6,4,44105143806,S,,,,1,,,A,,90% Overall probable correctness,41.45689,-81.642497,S,,R,U,** Street-Level Rooftop **,17460,"Cleveland-Elyria, OH Metropolitan Statistical Area",99999,,39035,3916000,39035115200,390351152001,-9088401.1931,5079968.2144
35277,OHA20010034,CLEVELAND HOUSING NETWORK XVIII,2999 PAYNE AVE,CLEVELAND,OH,44114,OH-01-0057,,,,,,,,999981,82,82,0,0,0,44,38,2,,,2001,2003,1,1,,,,,,,,,,,,,,,,,4,2,,,,,,,3,,82,82,,1,,"PREVIOUSLY LISTED AS OHA2003034, OHA2001040.",1,39,Cuyahoga,35,108301,3,3010,Cuyahoga,35,16000,Cleveland,16000,Cleveland city,C2,,1680,"Cleveland-Lorain-Elyria, OH PMSA",1,0,3911,1104,S,,2999 Payne Ave,,Cleveland,OH,44114,4400,,44114,99,0,44114440099,H,,,,1,,,A,,90% Overall probable correctness,41.507858,-81.669487,S,,R,U,** Street-Level Rooftop **,17460,"Cleveland-Elyria, OH Metropolitan Statistical Area",99999,,39035,3916000,39035108301,390351083013,-9091405.7062,5087541.6778
35278,OHA20010045,CLEVELAND NEW HOMES,11802 BUCKEYE RD,CLEVELAND,OH,44120,00-0049,,,,,,,,786270,65,65,0,4,4,12,45,2,,,2001,2003,1,1,,,,,,,,,,,,,,,,,4,1,0,0,1,0,0,,3,3,65,65,,1,,,1,39,Cuyahoga,35,119402,3,3002,Cuyahoga,35,16000,Cleveland,16000,Cleveland city,C2,,1680,"Cleveland-Lorain-Elyria, OH PMSA",1,0,3911,1104,S,,11802 Buckeye Rd,,Cleveland,OH,44120,2621,,44120,2,6,44120262102,S,,,,1,,,A,,90% Overall probable correctness,41.480623,-81.600895,S,,R,U,** Street-Level Rooftop **,17460,"Cleveland-Elyria, OH Metropolitan Statistical Area",99999,,39035,3916000,39035119402,390351194023,-9083770.0797,5083494.0195
35279,OHA20010050,COVINGTON GARDENS,14024 SUPERIOR RD,EAST CLEVELAND,OH,44118,990031,,,,,,,,85719,21,16,0,0,18,3,0,1,,,2001,2001,1,2,2,,,2,,,,,,,,,,,,,1,1,0,1,0,0,0,,2,3,21,16,,2,,,1,39,Cuyahoga,35,151600,1,1003,Cuyahoga,35,23380,East Cleveland,23380,East Cleveland city,C2,,1680,"Cleveland-Lorain-Elyria, OH PMSA",1,0,3911,1500,S,,14024 Superior Rd,,East Cleveland,OH,44118,1059,,44118,99,9,44118105999,H,,,,1,,,A,,90% Overall probable correctness,41.518265,-81.579217,S,,R,U,** Street-Level Rooftop **,17460,"Cleveland-Elyria, OH Metropolitan Statistical Area",99999,,39035,3923380,39035151600,390351516001,-9081356.8958,5089088.8129
35282,OHA20010060,GLENVILLE ELDERLY,9380 ST CLAIR AVE,CLEVELAND,OH,44108,99-0026,,,,,,,,304085,33,33,0,0,33,0,0,1,,,2001,2001,1,1,2,,,2,,1,310000,,,,,,,,,,4,1,0,1,0,0,0,,1,2,33,33,,1,,,1,39,Cuyahoga,35,116400,5,5000,Cuyahoga,35,16000,Cleveland,16000,Cleveland city,C2,,1680,"Cleveland-Lorain-Elyria, OH PMSA",1,0,3911,1104,S,,9380 Saint Clair Ave,,Cleveland,OH,44108,1978,,44108,99,0,44108197899,H,,,,1,,,A,,90% Overall probable correctness,41.535634,-81.622003,S,,R,U,** Street-Level Rooftop **,17460,"Cleveland-Elyria, OH Metropolitan Statistical Area",99999,,39035,3916000,39035116400,390351164005,-9086119.8115,5091671.4935
35306,OHA20010170,ROCKEFELLER PARK APTS,1588 ANSEL RD,CLEVELAND,OH,44106,153,,,,,,,,135306,130,129,17,83,29,0,0,,,,2001,2001,2,1,1,,,2,,,,,,,,,,,,,1,,,,,,,,2,1,130,129,,1,,,1,39,Cuyahoga,35,118602,2,2003,Cuyahoga,35,16000,Cleveland,16000,Cleveland city,C2,,1680,"Cleveland-Lorain-Elyria, OH PMSA",1,0,3911,1104,S,,1588 Ansel Rd,,Cleveland,OH,44106,4156,,44106,99,1,44106415699,H,,,,1,,,A,,90% Overall probable correctness,41.513397,-81.619758,S,,R,U,** Street-Level Rooftop **,17460,"Cleveland-Elyria, OH Metropolitan Statistical Area",99999,,39035,3916000,39035118602,390351186022,-9085869.8992,5088365.0908
35318,OHA20030125,JENNINGS SENIOR HOUSING,10300 GRANGER RD,GARFIELD HEIGHTS,OH,44125,01-0033,,,,,,,,219859,42,29,0,0,39,3,0,2,,,2003,2004,1,2,2,,,2,,,,,,,,,,,,,1,1,0,1,0,0,0,,1,2,42,29,,2,,,1,39,Cuyahoga,35,154501,3,3003,Cuyahoga,35,29428,Garfield Heights,29428,Garfield Heights city,C2,,1680,"Cleveland-Lorain-Elyria, OH PMSA",1,0,3911,1866,S,,10300 Granger Rd,,Garfield Heights,OH,44125,3170,,44125,99,5,44125317099,H,,,,1,,,A,,90% Overall probable correctness,41.416901,-81.61255,S,,R,U,** Street-Level Rooftop **,17460,"Cleveland-Elyria, OH Metropolitan Statistical Area",99999,,39035,3929428,39035154501,390351545013,-9085067.5083,5074030.3138
35320,OHA20060035,CARTER SENIOR MANOR,1012 PROSPECT AVE E,CLEVELAND,OH,44115,04-0187,,,,,,,,406031,270,270,33,219,28,0,0,2,,,2006,2007,2,1,,,,,,,,,,,,,,,,,1,1,0,1,0,0,0,,2,1,270,270,,1,,,1,39,Cuyahoga,35,107701,1,1054,Cuyahoga,35,16000,Cleveland,16000,Cleveland city,C2,,1680,"Cleveland-Lorain-Elyria, OH PMSA",1,0,3911,1104,S,,1012 Prospect Ave E,,Cleveland,OH,44115,1242,,44115,99,8,44115124299,H,,,,1,,,A,,90% Overall probable correctness,41.499057,-81.684116,S,,R,U,** Street-Level Rooftop **,17460,"Cleveland-Elyria, OH Metropolitan Statistical Area",99999,,39035,3916000,39035107701,390351077011,-9093034.199,5086233.4894
35322,OHA20060042,EMERALD COMMONS,1976 W 79TH ST,CLEVELAND,OH,44102,40004,,,,,,,,456542,52,52,52,0,0,0,0,2,,,2006,2007,1,1,,,,,,,,,,,,,,,,,,1,0,0,1,0,0,,1,3,52,52,,1,,"PREVIOUSLY LISTED AS OHA2006682, OHA2005051. AKA EMERALD ALLIANCE.",1,39,Cuyahoga,35,101800,1,1012,Cuyahoga,35,16000,Cleveland,16000,Cleveland city,C2,,1680,"Cleveland-Lorain-Elyria, OH PMSA",1,0,3911,1104,S,,1976 W 79th St,,Cleveland,OH,44102,2856,,44102,99,0,44102285699,H,,,,1,,,A,,90% Overall probable correctness,41.477671,-81.739145,S,,R,U,** Street-Level Rooftop **,17460,"Cleveland-Elyria, OH Metropolitan Statistical Area",99999,,39035,3916000,39035101800,390351018001,-9099159.9993,5083055.3963
35325,OHA20060068,GLENBROOKE HOMES III,10109 ELK AVE,CLEVELAND,OH,44108,40023,,,,,,,,961423,60,60,0,0,0,22,38,2,,,2006,2007,1,1,,,,,,,,,,,,,,,,,,1,0,0,1,0,0,,1,3,60,60,,1,,PREVIOUSLY LISTED AS OHA2005068.,1,39,Cuyahoga,35,116100,1,1000,Cuyahoga,35,16000,Cleveland,16000,Cleveland city,C2,,1680,"Cleveland-Lorain-Elyria, OH PMSA",1,0,3911,1104,S,,10109 Elk Ave,,Cleveland,OH,44108,1494,,44108,9,6,44108149409,S,,,,1,,,A,,90% Overall probable correctness,41.542809,-81.619496,S,,R,U,** Street-Level Rooftop **,17460,"Cleveland-Elyria, OH Metropolitan Statistical Area",99999,,39035,3916000,39035116100,390351161001,-9085840.7335,5092738.5813
35327,OHA19990035,CLEVELAND HOUSING NETWORK XVI,869 ANSEL RD,CLEVELAND,OH,44103,OH-99-0005,,,,,,,,1000000,92,92,0,0,12,42,38,2,,,1999,1999,1,1,2,,,2,,,,,,,,,,,,,4,1,0,1,0,0,0,,3,3,92,92,,2,,,1,39,Cuyahoga,35,111202,2,2015,Cuyahoga,35,16000,Cleveland,16000,Cleveland city,C2,,1680,"Cleveland-Lorain-Elyria, OH PMSA",1,0,3911,1104,N,,869 Ansel Rd,,Cleveland,OH,44103,2117,,44103,69,2,44103211769,S,,,,1,,,A,,90% Overall probable correctness,41.530226,-81.631091,S,,R,U,** Street-Level Rooftop **,17460,"Cleveland-Elyria, OH Metropolitan Statistical Area",99999,,39035,3916000,39035111202,390351112022,-9087131.483,5090867.2775
35346,OHA20030157,LONGWOOD APTS,3548 COMMUNITY COLLEGE AVE,CLEVELAND,OH,44115,,,,,,,,,1778021,613,613,,,,,,,,,2003,1988,2,2,,,,2,,,,,,,,,,,,,,,,,,,,,2,1,613,613,,1,1,PREVIOUSLY LISTED AS OHA1988300.,1,39,Cuyahoga,35,109701,1,1002,Cuyahoga,35,16000,Cleveland,16000,Cleveland city,C2,,1680,"Cleveland-Lorain-Elyria, OH PMSA",1,0,3911,1104,N,,3548 Community College Ave,,Cleveland,OH,44115,3302,,44115,48,5,44115330248,S,,,,1,,,A,,90% Overall probable correctness,41.493238,-81.661577,S,,R,U,** Street-Level Rooftop **,17460,"Cleveland-Elyria, OH Metropolitan Statistical Area",99999,,39035,3916000,39035109701,390351097011,-9090525.169,5085368.6458
35359,OHA19990080,FAIRFAX HOMES,8620 BECKMAN AVE,CLEVELAND,OH,44104,980013,,,,,,,,457398,40,40,0,0,0,6,34,2,,,1999,2000,1,1,2,,,2,,1,251000,,,,,,,,,,4,1,0,1,0,0,0,,1,2,40,40,,2,,,1,39,Cuyahoga,35,113500,1,1014,Cuyahoga,35,16000,Cleveland,16000,Cleveland city,C2,,1680,"Cleveland-Lorain-Elyria, OH PMSA",1,0,3911,1104,S,,8620 Beckman Ave,,Cleveland,OH,44104,2335,,44104,20,2,44104233520,S,,,,1,,,A,,90% Overall probable correctness,41.491423,-81.626454,S,,R,U,** Street-Level Rooftop **,17460,"Cleveland-Elyria, OH Metropolitan Statistical Area",99999,,39035,3916000,39035113500,390351135001,-9086615.2945,5085098.909
35360,OHA19990085,FAMICOS FOUNDATION SCATTERED SITES II,1325 ANSEL RD,CLEVELAND,OH,44106,98-0022,,,,,,,,304812,25,25,0,0,0,0,25,2,,,1999,2000,1,1,2,,,2,,1,301000,,,,,,,,,,,1,0,1,0,0,0,,1,2,25,25,,2,,AKA FAMICOS SCATTERED SITE II.,1,39,Cuyahoga,35,118602,1,1000,Cuyahoga,35,16000,Cleveland,16000,Cleveland city,C2,,1680,"Cleveland-Lorain-Elyria, OH PMSA",1,0,3911,1104,S,,1325 Ansel Rd,,Cleveland,OH,44106,1079,,44106,99,0,44106107999,H,,,,1,,,A,,90% Overall probable correctness,41.520447,-81.62141,S,,R,U,** Street-Level Rooftop **,17460,"Cleveland-Elyria, OH Metropolitan Statistical Area",99999,,39035,3916000,39035118602,390351186021,-9086053.799,5089413.2269
35378,OHA20040285,WEST SIDE HOPE PROJECT VI,3607 CLINTON AVE,CLEVELAND,OH,44113,02-0062,,,,,,,,386788,52,49,0,21,31,0,0,2,,,2004,2005,1,1,2,,,2,,1,251000,,,,,,,,,,,2,,,,,,,2,3,52,49,,1,,,1,39,Cuyahoga,35,103602,1,1038,Cuyahoga,35,16000,Cleveland,16000,Cleveland city,C2,,1680,"Cleveland-Lorain-Elyria, OH PMSA",1,0,3911,1104,Y,,3607 Clinton Ave Apt 5,,Cleveland,OH,44113,2853,,44113,5,4,44113285305,H,5,Apt,,0,,,,,100% Overall probable correctness,41.487225,-81.713975,S,,R,U,** Street-Level Rooftop **,17460,"Cleveland-Elyria, OH Metropolitan Statistical Area",99999,,39035,3916000,39035103602,390351036021,-9096358.0877,5084475.0507
35383,OHA19990095,GABRIEL'S GREEN,5908 CENTRAL AVE,CLEVELAND,OH,44104,980032,,,,,,,,468479,50,50,0,0,36,4,10,2,,,1999,2001,1,1,2,,,2,,1,301000,,,,,,,,,,4,1,0,1,0,0,0,,3,2,50,50,,2,,,1,39,Cuyahoga,35,113801,1,1004,Cuyahoga,35,16000,Cleveland,16000,Cleveland city,C2,,1680,"Cleveland-Lorain-Elyria, OH PMSA",1,0,3911,1104,S,,5908 Central Ave,,Cleveland,OH,44104,1522,,44104,99,9,44104152299,H,,,,1,,,A,,90% Overall probable correctness,41.496095,-81.648864,S,,R,U,** Street-Level Rooftop **,17460,"Cleveland-Elyria, OH Metropolitan Statistical Area",99999,,39035,3916000,39035113801,390351138011,-9089109.9643,5085793.2552
35385,OHA19990105,GLENBROOKE HOMES II,638 E 103RD ST,CLEVELAND,OH,44108,980036,,,,,,,,572493,50,50,0,0,0,25,25,2,,,1999,2001,1,1,2,,,2,,1,301000,,,,,,,,,,4,1,0,1,0,0,0,,1,2,50,50,,2,,,1,39,Cuyahoga,35,116100,2,2002,Cuyahoga,35,16000,Cleveland,16000,Cleveland city,C2,,1680,"Cleveland-Lorain-Elyria, OH PMSA",1,0,3911,1104,S,,638 E 103rd St,,Cleveland,OH,44108,1332,,44108,38,3,44108133238,S,,,,1,,,A,,90% Overall probable correctness,41.539581,-81.617452,S,,R,U,** Street-Level Rooftop **,17460,"Cleveland-Elyria, OH Metropolitan Statistical Area",99999,,39035,3916000,39035116100,390351161002,-9085613.1965,5092258.4887
35390,OHA20020008,ARBOR PARK VILLAGE PHASE I,2454 E 36TH ST,CLEVELAND,OH,44115,10103,,,,,,,,1778021,282,280,0,54,82,131,15,,,,2002,2002,2,1,1,,,2,,,,,,,,,,,,,1,2,,,,,,,1,1,282,280,,1,,"PREVIOUSLY LISTED AS OHA2003007, OHA2002030.",1,39,Cuyahoga,35,109701,1,1002,Cuyahoga,35,16000,Cleveland,16000,Cleveland city,C2,,1680,"Cleveland-Lorain-Elyria, OH PMSA",1,0,3911,1104,S,,2454 E 36th St,,Cleveland,OH,44115,3714,,44115,54,1,44115371454,S,,,,1,,,A,,90% Overall probable correctness,41.492802,-81.663074,S,,R,U,** Street-Level Rooftop **,17460,"Cleveland-Elyria, OH Metropolitan Statistical Area",99999,,39035,3916000,39035109701,390351097011,-9090691.8143,5085303.8488
35394,OHA20020040,BROADWAY ELDERLY HOUSING,7050 BROADWAY AVE,CLEVELAND,OH,44105,00-0023,,,,,,,,322085,42,42,0,0,42,0,0,2,,,2002,2002,1,1,2,,,2,,1,211000,,,,,,,,,,4,1,0,1,0,0,0,,1,3,42,42,,1,,AKA BROADWAY ELDERLY APTS.,1,39,Cuyahoga,35,115400,1,1000,Cuyahoga,35,16000,Cleveland,16000,Cleveland city,C2,,1680,"Cleveland-Lorain-Elyria, OH PMSA",1,0,3911,1104,S,,7050 Broadway Ave,,Cleveland,OH,44105,7406,,44105,99,1,44105740699,H,,,,1,,,A,,90% Overall probable correctness,41.458509,-81.639385,S,,R,U,** Street-Level Rooftop **,17460,"Cleveland-Elyria, OH Metropolitan Statistical Area",99999,,39035,3916000,39035115400,390351154001,-9088054.7669,5080208.6941
35399,OHA20030190,NOTRE DAME COMMUNITY,1325 ANSEL RD,CLEVELAND,OH,44106,01-0099,,,,,,,,237221,12,12,0,0,0,0,12,2,,,2003,2004,1,1,2,,,2,,,,,,,,,,,,,,2,,,,,,,1,2,12,12,,1,,,1,39,Cuyahoga,35,118602,1,1000,Cuyahoga,35,16000,Cleveland,16000,Cleveland city,C2,,1680,"Cleveland-Lorain-Elyria, OH PMSA",1,0,3911,1104,S,,1325 Ansel Rd,,Cleveland,OH,44106,1079,,44106,99,0,44106107999,H,,,,1,,,A,,90% Overall probable correctness,41.520447,-81.62141,S,,R,U,** Street-Level Rooftop **,17460,"Cleveland-Elyria, OH Metropolitan Statistical Area",99999,,39035,3916000,39035118602,390351186021,-9086053.799,5089413.2269
35400,OHA20030195,OHIO CITY ELDERLY,3207 FRANKLIN BLVD,CLEVELAND,OH,44113,10026,,,,,,,,211949,40,40,0,0,36,4,0,2,,,2003,2004,1,2,2,,,2,,,,,,,,,,,,,4,1,0,1,1,0,0,,1,2,40,40,,2,,,1,39,Cuyahoga,35,103602,3,3003,Cuyahoga,35,16000,Cleveland,16000,Cleveland city,C2,,1680,"Cleveland-Lorain-Elyria, OH PMSA",1,0,3911,1104,S,,3207 Franklin Blvd,,Cleveland,OH,44113,2862,,44113,99,1,44113286299,H,,,,1,,,A,,90% Overall probable correctness,41.486536,-81.711819,S,,R,U,** Street-Level Rooftop **,17460,"Cleveland-Elyria, OH Metropolitan Statistical Area",99999,,39035,3916000,39035103602,390351036023,-9096118.0829,5084372.6634
35414,OHA19990140,LAKEVIEW PLACE DEVELOPMENT,733 E 128TH ST,CLEVELAND,OH,44108,980041,,,,,,,,292442,25,25,0,0,0,10,15,2,,,1999,2001,1,1,2,,,2,,1,201000,,,,,,,,,,4,1,0,1,0,0,0,,1,2,25,25,,2,,,1,39,Cuyahoga,35,116800,1,1004,Cuyahoga,35,16000,Cleveland,16000,Cleveland city,C2,,1680,"Cleveland-Lorain-Elyria, OH PMSA",1,0,3911,1104,S,,733 E 128th St,,Cleveland,OH,44108,2447,,44108,33,0,44108244733,S,,,,1,,,A,,90% Overall probable correctness,41.537265,-81.594294,S,,R,U,** Street-Level Rooftop **,17460,"Cleveland-Elyria, OH Metropolitan Statistical Area",99999,,39035,3916000,39035116800,390351168001,-9083035.2597,5091914.0504
35417,OHA20020044,CLEVELAND HOUSING NETWORK XIX,10200 BENHAM AVE,CLEVELAND,OH,44105,OH-02-0007,,,,,,,,653687,50,50,0,0,0,29,21,2,,,2002,2003,1,1,,,,,,,,,,,,,,,,,4,2,,,,,,,3,3,50,50,,1,,"PREVIOUSLY LISTED AS OHA2002571, OHA2004057.",1,39,Cuyahoga,35,120400,4,4000,Cuyahoga,35,16000,Cleveland,16000,Cleveland city,C2,,1680,"Cleveland-Lorain-Elyria, OH PMSA",1,0,3911,1104,S,,10200 Benham Ave,,Cleveland,OH,44105,1726,,44105,0,0,44105172600,S,,,,1,,,A,,90% Overall probable correctness,41.46133,-81.613935,S,,R,U,** Street-Level Rooftop **,17460,"Cleveland-Elyria, OH Metropolitan Statistical Area",99999,,39035,3916000,39035120400,390351204004,-9085221.6858,5080627.7284
35419,OHA20020060,COURTLAND BUILDING,5403 DETROIT AVE,CLEVELAND,OH,44102,46,,,,,,,,118821,16,16,0,10,5,1,0,2,,,2002,2002,1,1,2,,,2,,1,301000,,,,,,,,,,4,1,2,2,2,2,1,SINGLE PARENTS,2,3,16,16,,1,,,1,39,Cuyahoga,35,103400,1,1001,Cuyahoga,35,16000,Cleveland,16000,Cleveland city,C2,,1680,"Cleveland-Lorain-Elyria, OH PMSA",1,0,3911,1104,S,,5403 Detroit Ave,,Cleveland,OH,44102,3035,,44102,3,5,44102303503,S,,,,1,,,A,,90% Overall probable correctness,41.485539,-81.723914,S,,R,U,** Street-Level Rooftop **,17460,"Cleveland-Elyria, OH Metropolitan Statistical Area",99999,,39035,3916000,39035103400,390351034001,-9097464.4921,5084224.5083
35423,OHA20020080,HARVARD ELDERLY,6900 HARVARD AVE,CLEVELAND,OH,44105,00-0043,,,,,,,,334901,48,48,0,27,21,0,0,2,,,2002,2002,1,2,2,,,2,,1,301000,,,,,,,,,,4,1,0,1,0,0,0,,2,3,48,48,,2,,,1,39,Cuyahoga,35,115700,1,1000,Cuyahoga,35,16000,Cleveland,16000,Cleveland city,C2,,1680,"Cleveland-Lorain-Elyria, OH PMSA",1,0,3911,1104,S,,6900 Harvard Ave,,Cleveland,OH,44105,5016,,44105,99,6,44105501699,H,,,,1,,,A,,90% Overall probable correctness,41.448419,-81.640991,S,,R,U,** Street-Level Rooftop **,17460,"Cleveland-Elyria, OH Metropolitan Statistical Area",99999,,39035,3916000,39035115700,390351157001,-9088233.546,5078710.0641
35424,OHA20030201,OWL'S NEST APTS,2020 TAYLOR RD,EAST CLEVELAND,OH,44112,30105,,,,,,,,344067,260,260,0,136,124,0,0,,,,2003,2004,2,1,1,,,,,,,,,,,,,,,,,,,,,,,,2,1,260,260,,1,,"PREVIOUSLY LISTED AS OHA2003610, OHA2005113.",1,39,Cuyahoga,35,151300,1,1000,Cuyahoga,35,23380,East Cleveland,23380,East Cleveland city,C2,,1680,"Cleveland-Lorain-Elyria, OH PMSA",1,0,3911,1500,S,,2020 Taylor Rd,,East Cleveland,OH,44112,2963,,44112,99,0,44112296399,H,,,,1,,,A,,90% Overall probable correctness,41.53515,-81.56753,S,,R,U,** Street-Level Rooftop **,17460,"Cleveland-Elyria, OH Metropolitan Statistical Area",99999,,39035,3923380,39035151300,390351513001,-9080055.9049,5091599.5158
35426,OHA20030205,PARK VILLAGE COMMUNITY,9001 HOUGH AVE,CLEVELAND,OH,44106,01-0100,,,,,,,,762779,75,75,0,0,42,12,21,2,,,2003,2004,1,1,2,,,2,,,,,,,,,,,,,1,2,,,,,,,2,2,75,75,,1,,,1,39,Cuyahoga,35,112600,2,2006,Cuyahoga,35,16000,Cleveland,16000,Cleveland city,C2,,1680,"Cleveland-Lorain-Elyria, OH PMSA",1,0,3911,1104,S,,9001 Hough Ave,,Cleveland,OH,44106,1560,,44106,99,5,44106156099,H,,,,1,,,A,,90% Overall probable correctness,41.510199,-81.623504,S,,R,U,** Street-Level Rooftop **,17460,"Cleveland-Elyria, OH Metropolitan Statistical Area",99999,,39035,3916000,39035112600,390351126002,-9086286.902,5087889.676
35431,OHA20050021,CLEVELAND HOUSING NETWORK XX,10006 ANDERSON AVE,CLEVELAND,OH,44105,30013,,,,,,,,,84,84,0,0,4,46,34,,,,2005,2006,,,,,,,,,,,,,,,,,,,4,,,,,,,,,3,84,84,,1,,,1,39,Cuyahoga,35,120400,4,4001,Cuyahoga,35,16000,Cleveland,16000,Cleveland city,C2,,1680,"Cleveland-Lorain-Elyria, OH PMSA",1,0,3911,1104,S,,10006 Anderson Ave,,Cleveland,OH,44105,2216,,44105,6,9,44105221606,S,,,,1,,,A,,90% Overall probable correctness,41.460748,-81.615326,S,,R,U,** Street-Level Rooftop **,17460,"Cleveland-Elyria, OH Metropolitan Statistical Area",99999,,39035,3916000,39035120400,390351204004,-9085376.5312,5080541.276
35433,OHA20050024,CLEVELAND HOUSING NETWORK XXI,10212 OLIVET AVE,CLEVELAND,OH,44108,OH-04-0007,,,,,,,,1100000,80,80,0,0,4,48,28,2,,,2005,2006,1,1,,,,,,,,,,,,,,,,,4,2,,,,,,,3,3,80,80,,1,,,1,39,Cuyahoga,35,118101,3,3006,Cuyahoga,35,16000,Cleveland,16000,Cleveland city,C2,,1680,"Cleveland-Lorain-Elyria, OH PMSA",1,0,3911,1104,S,,10212 Olivet Ave,,Cleveland,OH,44108,3550,,44106,12,7,44108355012,S,,,,1,,,A,,90% Overall probable correctness,41.52329,-81.617735,S,,R,U,** Street-Level Rooftop **,17460,"Cleveland-Elyria, OH Metropolitan Statistical Area",99999,,39035,3916000,39035118101,390351181013,-9085644.6999,5089835.9332
35437,OHA20050030,NEW CLIFTON PLAZA APTS,11430 CLIFTON BLVD,CLEVELAND,OH,44102,03-0124,,,,,,,,210129,108,108,0,99,8,0,0,,,,2005,2006,2,2,1,,,2,,1,0,,,2,0,2,,,,,1,1,2,2,2,2,1,UNSPECIFIED,2,1,108,108,,2,,AKA NEW CLIFTON PLAZA APTS PLAZA.,1,39,Cuyahoga,35,101102,1,1015,Cuyahoga,35,16000,Cleveland,16000,Cleveland city,C2,,1680,"Cleveland-Lorain-Elyria, OH PMSA",1,0,3911,1104,S,,11430 Clifton Blvd,,Cleveland,OH,44102,1456,,44102,99,5,44102145699,H,,,,1,,,A,,90% Overall probable correctness,41.487127,-81.765567,S,,R,U,** Street-Level Rooftop **,17460,"Cleveland-Elyria, OH Metropolitan Statistical Area",99999,,39035,3916000,39035101102,390351011021,-9102101.2829,5084460.4876
35459,OHA20050032,ARBOR PARK VILLAGE PHASE III,2530 E 35TH ST,CLEVELAND,OH,44115,40001,,,,,,,,971691,141,141,0,0,50,77,14,2,,,2005,2005,2,1,,,,,,,,,,,,,,,,,1,2,,,,,,,1,1,141,141,,1,,"PREVIOUSLY LISTED AS OHA2005016, OHA200516, OHA2005660, OHA2006005.",1,39,Cuyahoga,35,109701,1,1004,Cuyahoga,35,16000,Cleveland,16000,Cleveland city,C2,,1680,"Cleveland-Lorain-Elyria, OH PMSA",1,0,3911,1104,S,,2530 E 35th St,,Cleveland,OH,44115,3713,,44115,30,8,44115371330,S,,,,1,,,A,,90% Overall probable correctness,41.491689,-81.664453,S,,R,U,** Street-Level Rooftop **,17460,"Cleveland-Elyria, OH Metropolitan Statistical Area",99999,,39035,3916000,39035109701,390351097011,-9090845.3239,5085138.4402
35462,OHA20050052,EASTSIDE NEIGHBORHOOD HOMES,7309 CENTRAL AVE,CLEVELAND,OH,44104,02-0143,,,,,,,,622804,96,96,0,39,12,33,12,,,,2005,2006,1,1,1,,,,,1,0,,,1,0,2,,,,,,1,0,1,0,0,0,,1,1,96,96,,1,,"PREVIOUSLY LISTED AS OHA2005672, OHA2004091.",1,39,Cuyahoga,35,196500,1,1003,Cuyahoga,35,16000,Cleveland,16000,Cleveland city,C2,,1680,"Cleveland-Lorain-Elyria, OH PMSA",1,0,3911,1104,,,7309 Central Ave,,Cleveland,OH,44104,,,44103,,,,,,,,1,,,A,V,90% Overall probable correctness,41.496314,-81.638015,S,,R,U,** Street-Level Rooftop **,17460,"Cleveland-Elyria, OH Metropolitan Statistical Area",99999,,39035,3916000,39035196500,390351965001,-9087902.2592,5085825.8039
35463,OHA20050053,EDUCATOR APTS,9275 N CHURCH DR,PARMA HEIGHTS,OH,44130,40098,,,,,,,,350053,96,96,0,90,8,0,0,2,,,2005,2006,1,2,,,,,,,,,,,,,,,,,1,1,0,1,0,0,0,,2,1,96,96,,2,,"PREVIOUSLY LISTED AS OHA2005663, OHA2006065.",1,39,Cuyahoga,35,178204,1,1007,Cuyahoga,35,61028,Parma Heights,61028,Parma Heights city,C2,,1680,"Cleveland-Lorain-Elyria, OH PMSA",1,0,3907,4104,S,,9275 N Church Dr,,Parma Heights,OH,44130,4783,,44130,99,8,44130478399,H,,,,1,,,A,,90% Overall probable correctness,41.38038,-81.749276,S,,R,U,** Street-Level Rooftop **,17460,"Cleveland-Elyria, OH Metropolitan Statistical Area",99999,,39035,3961028,39035178204,390351782041,-9100287.777,5068610.5641
35464,OHA20050060,ERIE SQUARE APTS,7621 EUCLID AVE,CLEVELAND,OH,44103,03-0014,,,,,,,,495000,89,89,0,53,36,0,0,,,,2005,2006,1,1,2,,,2,,1,0,,,1,0,2,,,,,1,1,1,0,0,0,0,,2,3,89,89,,1,,,1,39,Cuyahoga,35,112800,1,1015,Cuyahoga,35,16000,Cleveland,16000,Cleveland city,C2,,1680,"Cleveland-Lorain-Elyria, OH PMSA",1,0,3911,1104,S,,7621 Euclid Ave,,Cleveland,OH,44103,4885,,44103,99,5,44103488599,H,,,,1,,,A,,90% Overall probable correctness,41.504111,-81.635426,S,,R,U,** Street-Level Rooftop **,17460,"Cleveland-Elyria, OH Metropolitan Statistical Area",99999,,39035,3916000,39035112800,390351128001,-9087614.053,5086984.6987
35465,OHA20050062,EUCLID BEACH CLUB RESIDENCE,123 E 156TH ST,CLEVELAND,OH,44110,30117,,,,,,,,325955,252,252,0,224,28,0,0,,,,2005,2003,2,1,1,,,2,,,,,,,,,,,,,,,,,,,,,2,1,252,252,,1,,PREVIOUSLY LISTED AS OHA2004095.,1,39,Cuyahoga,35,117201,1,1003,Cuyahoga,35,16000,Cleveland,16000,Cleveland city,C2,,1680,"Cleveland-Lorain-Elyria, OH PMSA",1,0,3911,1104,Y,,123 E 156th St Ste 2,,Cleveland,OH,44110,4101,,44110,2,2,44110410102,H,2,Ste,,0,,,,,100% Overall probable correctness,41.580025,-81.571827,S,,R,U,** Street-Level Rooftop **,17460,"Cleveland-Elyria, OH Metropolitan Statistical Area",99999,,39035,3916000,39035117201,390351172011,-9080534.2447,5098275.3592
35487,OHA20050069,GATES MILLS VILLA,6755 MAYFIELD RD,MAYFIELD HEIGHTS,OH,44124,50129,,,,,,,,334025,191,191,0,152,39,0,0,2,2,,2005,2006,2,2,1,,,,,2,0,,,2,0,,,,,,5,2,,,,,,,2,1,191,191,,2,,"PREVIOUSLY LISTED AS OHA2005669, OHA2007050.",1,39,Cuyahoga,35,172103,1,1008,Cuyahoga,35,48482,Mayfield Heights,48482,Mayfield Heights city,C2,,1680,"Cleveland-Lorain-Elyria, OH PMSA",1,0,3911,3138,S,,6755 Mayfield Rd,,Mayfield Heights,OH,44124,2238,,44124,99,2,44124223899,H,,,,1,,,A,,90% Overall probable correctness,41.520291,-81.435837,S,,R,U,** Street-Level Rooftop **,17460,"Cleveland-Elyria, OH Metropolitan Statistical Area",99999,,39035,3948482,39035172103,390351721031,-9065395.9072,5089390.0329
35488,OHA20050072,HOUGH HOMES II,1228 E 74TH ST,CLEVELAND,OH,44103,30015,,,,,,,,,57,57,0,0,0,33,24,2,,,2005,2006,1,1,,,,,,,,,,,,,,,,,4,2,,,,,,,1,3,57,57,,1,,PREVIOUSLY LISTED AS OHA2005071.,1,39,Cuyahoga,35,111700,2,2006,Cuyahoga,35,16000,Cleveland,16000,Cleveland city,C2,,1680,"Cleveland-Lorain-Elyria, OH PMSA",1,0,3911,1104,S,,1228 E 74th St,,Cleveland,OH,44103,1905,,44103,28,3,44103190528,S,,,,1,,,A,,90% Overall probable correctness,41.521395,-81.637416,S,,R,U,** Street-Level Rooftop **,17460,"Cleveland-Elyria, OH Metropolitan Statistical Area",99999,,39035,3916000,39035111700,390351117002,-9087835.5788,5089554.1765
35491,OHA20050080,VILLA ST ROSE OF KIRBY MANOR,11500 DETROIT AVE,CLEVELAND,OH,44102,30075,,,,,,,,1100000,147,147,9,58,80,0,0,2,,,2005,2006,1,1,2,,,2,,1,0,,,2,0,2,,,,,1,1,0,1,0,0,0,,3,3,147,147,,1,,AKA KIRBY MANOR SENIOR.,1,39,Cuyahoga,35,101300,1,1005,Cuyahoga,35,16000,Cleveland,16000,Cleveland city,C2,,1680,"Cleveland-Lorain-Elyria, OH PMSA",1,0,3911,1104,S,,11500 Detroit Ave,,Cleveland,OH,44102,2368,,44102,99,2,44102236899,H,,,,1,,,A,,90% Overall probable correctness,41.483256,-81.766708,S,,R,U,** Street-Level Rooftop **,17460,"Cleveland-Elyria, OH Metropolitan Statistical Area",99999,,39035,3916000,39035101300,390351013001,-9102228.2984,5083885.261
35494,OHA19990225,COLONNADE,15409 EUCLID AVE,EAST CLEVELAND,OH,44112,OH-97-0093,,,,,,,,247112,120,120,2,90,28,0,0,,,,1999,1997,2,2,1,,,2,,,,,,,,,,,,,,,,,,,,,2,1,120,120,,2,,,1,39,Cuyahoga,35,150100,1,1013,Cuyahoga,35,23380,East Cleveland,23380,East Cleveland city,C2,,1680,"Cleveland-Lorain-Elyria, OH PMSA",1,0,3911,1500,S,,15409 Euclid Ave,,East Cleveland,OH,44112,2855,,44112,99,0,44112285599,H,,,,1,,,A,,90% Overall probable correctness,41.538314,-81.573787,S,,R,U,** Street-Level Rooftop **,17460,"Cleveland-Elyria, OH Metropolitan Statistical Area",99999,,39035,3923380,39035150100,390351501001,-9080752.4309,5092070.0574
35504,OHA20020137,RAINBOW TERRACE,7310 CARSON AVE,CLEVELAND,OH,44104,01-0105,,,,,,,,2399991,484,484,0,0,306,178,0,2,,,2002,2003,2,2,1,,,,,,,,,,,,,,,,1,,,,,,,,2,1,484,484,,1,,"PREVIOUSLY LISTED AS OHA2002568, OHA2003208.",1,39,Cuyahoga,35,114300,1,1019,Cuyahoga,35,16000,Cleveland,16000,Cleveland city,C2,,1680,"Cleveland-Lorain-Elyria, OH PMSA",1,0,3911,1104,S,,7310 Carson Ave,,Cleveland,OH,44104,4162,,44104,10,3,44104416210,S,,,,1,,,A,,90% Overall probable correctness,41.474569,-81.636338,S,,R,U,** Street-Level Rooftop **,17460,"Cleveland-Elyria, OH Metropolitan Statistical Area",99999,,39035,3916000,39035114300,390351143001,-9087715.5764,5082594.5068
35508,OHA20030251,ATLAS BUILDING,5644 BROADWAY AVE,CLEVELAND,OH,44127,01-0062,,,,,,,,171071,15,12,0,5,10,0,0,2,,,2003,2004,1,1,,,,,,,,,,,,,,,,,4,1,0,0,1,0,0,,3,2,15,12,,1,,PREVIOUSLY LISTED AS OHA2003245.,1,39,Cuyahoga,35,110801,1,1000,Cuyahoga,35,16000,Cleveland,16000,Cleveland city,C2,,1680,"Cleveland-Lorain-Elyria, OH PMSA",1,0,3911,1104,S,,5644 Broadway Ave,,Cleveland,OH,44127,1751,,44127,99,0,44127175199,H,,,,1,,,A,,90% Overall probable correctness,41.466769,-81.651241,S,,R,U,** Street-Level Rooftop **,17460,"Cleveland-Elyria, OH Metropolitan Statistical Area",99999,,39035,3916000,39035110801,390351108011,-9089374.5708,5081435.6946
35536,OHA20020212,WEST TECH APTS,2201 W 93RD ST,CLEVELAND,OH,44102,OH-00-0103,,,,,,,,91465,184,40,0,31,6,0,0,,,,2002,2000,,2,,,,,,,,,,,,,,,,,,,,,,,,,2,1,184,40,,1,,,1,39,Cuyahoga,35,101700,3,3003,Cuyahoga,35,16000,Cleveland,16000,Cleveland city,C2,,1680,"Cleveland-Lorain-Elyria, OH PMSA",1,0,3911,1104,Y,,2201 W 93rd St Apt 2,,Cleveland,OH,44102,3779,,44102,2,1,44102377902,H,2,Apt,,0,,,,,100% Overall probable correctness,41.47327,-81.747179,S,,R,U,** Street-Level Rooftop **,17460,"Cleveland-Elyria, OH Metropolitan Statistical Area",99999,,39035,3916000,39035101700,390351017003,-9100054.3401,5082401.5103
35542,OHA20040003,ANTIOCH TOWERS,8920 CARNEGIE AVE,CLEVELAND,OH,44106,OH-02-0140,,,,,,,,336592,171,171,0,148,23,0,0,,,,2004,2002,2,1,1,,,,,,,,,,,,,,,,,,,,,,,,2,1,171,171,,1,,PREVIOUSLY LISTED AS OHA2002025. AKA CARNEGIE TOWERS AT FAIRFAX.,1,39,Cuyahoga,35,113101,1,1019,Cuyahoga,35,16000,Cleveland,16000,Cleveland city,C2,,1680,"Cleveland-Lorain-Elyria, OH PMSA",1,0,3911,1104,S,,8920 Carnegie Ave,,Cleveland,OH,44106,2923,,44106,99,1,44106292399,H,,,,1,,,A,,90% Overall probable correctness,41.500879,-81.624371,S,,R,U,** Street-Level Rooftop **,17460,"Cleveland-Elyria, OH Metropolitan Statistical Area",99999,,39035,3916000,39035113101,390351131011,-9086383.416,5086504.2985
35543,OHA20040004,ARBOR PARK VILLAGE PHASE II,3823 MT HERMAN AVE,CLEVELAND,OH,44115,30001,,,,,,,,1294392,206,206,0,0,80,117,9,,,,2004,2005,2,1,,,,,,,,,,,,,,,,,1,2,,,,,,,1,1,206,206,,1,,"PREVIOUSLY LISTED AS OHA2004649, OHA2005013.",1,39,Cuyahoga,35,109701,1,1009,Cuyahoga,35,16000,Cleveland,16000,Cleveland city,C2,,9999,,1,0,3911,1104,S,,3823 Mt Herman Ave,,Cleveland,OH,44115,3391,,44115,23,4,44115339123,S,,,,1,,,A,,90% Overall probable correctness,41.490055,-81.660477,9,S,4,U,**  Centroid Lat/Long   **,17460,"Cleveland-Elyria, OH Metropolitan Statistical Area",99999,,39035,3916000,39035109701,390351097011,-9090402.7176,5084895.6082
35555,OHA20000035,CLEVELAND HOUSING NETWORK XVII,2999 PAYNE AVE,CLEVELAND,OH,44114,OH-00-0047,,,,,,,,,85,85,0,0,4,51,30,2,,,2000,2001,1,1,2,,,2,,,,,,,,,,,,,4,1,2,2,2,2,1,SINGLE PARENTS,3,3,85,85,,2,,,1,39,Cuyahoga,35,108301,3,3010,Cuyahoga,35,16000,Cleveland,16000,Cleveland city,C2,,1680,"Cleveland-Lorain-Elyria, OH PMSA",1,0,3911,1104,S,,2999 Payne Ave,,Cleveland,OH,44114,4400,,44114,99,0,44114440099,H,,,,1,,,A,,90% Overall probable correctness,41.507858,-81.669487,S,,R,U,** Street-Level Rooftop **,17460,"Cleveland-Elyria, OH Metropolitan Statistical Area",99999,,39035,3916000,39035108301,390351083013,-9091405.7062,5087541.6778
35556,OHA20000037,CLEVELAND HOUSING PARTNERSHIP XV,1323 E 66TH ST,CLEVELAND,OH,44103,OH-98-0058,,,,,,,,1000000,103,103,0,0,3,51,49,2,,,2000,2000,1,1,2,,,2,,1,301000,,,,,,,,,,4,1,0,1,0,0,0,,3,3,103,103,,2,,PREVIOUSLY LISTED AS OHA1998065.,1,39,Cuyahoga,35,112100,1,1001,Cuyahoga,35,16000,Cleveland,16000,Cleveland city,C2,,1680,"Cleveland-Lorain-Elyria, OH PMSA",1,0,3911,1104,S,,1323 E 66th St,,Cleveland,OH,44103,2607,,44103,23,8,44103260723,S,,,,1,,,A,,90% Overall probable correctness,41.517217,-81.644374,S,,R,U,** Street-Level Rooftop **,17460,"Cleveland-Elyria, OH Metropolitan Statistical Area",99999,,39035,3916000,39035112100,390351121001,-9088610.1398,5088933.0029
35594,OHA20040036,CLEVELAND NEW CONSTRUCTION III,1358 E 111TH ST,CLEVELAND,OH,44106,10055,,,,,,,,626066,81,81,0,4,0,35,40,2,,,2004,2005,1,1,,,,,,,,,,,,,,,,,4,2,,,,,,,3,1,81,81,,2,,PREVIOUSLY LISTED AS OHA2003036. AKA CLEVELAND NEW CONSTRUCT III.,1,39,Cuyahoga,35,118301,3,3001,Cuyahoga,35,16000,Cleveland,16000,Cleveland city,C2,,1680,"Cleveland-Lorain-Elyria, OH PMSA",1,0,3911,1104,S,,1358 E 111th St,,Cleveland,OH,44106,1304,,44106,58,4,44106130458,S,,,,1,,,A,,90% Overall probable correctness,41.520795,-81.608596,S,,R,U,** Street-Level Rooftop **,17460,"Cleveland-Elyria, OH Metropolitan Statistical Area",99999,,39035,3916000,39035118301,390351183013,-9084627.3511,5089464.9677
35603,OHA20050327,1850 SUPERIOR BUILDING,1850 SUPERIOR AVE E,CLEVELAND,OH,44114,04-0047,,,,,,,,247937,44,44,0,40,4,0,0,,,,2005,1994,1,2,2,,,2,,,,,,,,,,,,,,,,,,,,,2,3,44,44,,1,,PREVIOUSLY LISTED AS OHA1996005.,1,39,Cuyahoga,35,107802,2,2025,Cuyahoga,35,16000,Cleveland,16000,Cleveland city,C2,,1680,"Cleveland-Lorain-Elyria, OH PMSA",1,0,3911,1104,S,,1850 Superior Ave E,,Cleveland,OH,44114,2130,,44114,99,2,44114213099,H,,,,1,,,A,,90% Overall probable correctness,41.506396,-81.680046,S,,R,U,** Street-Level Rooftop **,17460,"Cleveland-Elyria, OH Metropolitan Statistical Area",99999,,39035,3916000,39035107802,390351078022,-9092581.1287,5087324.3525
35614,OHA20030037,CLEVELAND NEW HOMES II,9901 MANOR AVE,CLEVELAND,OH,44104,OH-02-0060,,,,,,,,414861,30,30,0,0,0,12,18,2,,,2003,2005,1,1,2,,,,,,,,,,,,,,,,4,2,,,,,,,1,3,30,30,,1,,"PREVIOUSLY LISTED AS OHA2003628, OHA2004060.",1,39,Cuyahoga,35,120200,2,2002,Cuyahoga,35,16000,Cleveland,16000,Cleveland city,C2,,1680,"Cleveland-Lorain-Elyria, OH PMSA",1,0,3911,1104,S,,9901 Manor Ave,,Cleveland,OH,44104,4933,,44104,1,7,44104493301,S,,,,1,,,A,,90% Overall probable correctness,41.475354,-81.616178,S,,R,U,** Street-Level Rooftop **,17460,"Cleveland-Elyria, OH Metropolitan Statistical Area",99999,,39035,3916000,39035120200,390351202002,-9085471.3755,5082711.1386
35620,OHA20030067,EUCLID BEACH VILLA,125 E 156TH ST,CLEVELAND,OH,44110,30118,,,,,,,,701680,559,559,0,446,113,0,0,,,,2003,2004,2,1,1,,,,,,,,,,,,,,,,1,,,,,,,,2,1,559,559,,1,,"PREVIOUSLY LISTED AS OHA2003602, OHA2005063.",1,39,Cuyahoga,35,117201,1,1003,Cuyahoga,35,16000,Cleveland,16000,Cleveland city,C2,,1680,"Cleveland-Lorain-Elyria, OH PMSA",1,0,3911,1104,S,,125 E 156th St,,Cleveland,OH,44110,1182,,44110,99,0,44110118299,H,,,,1,,,A,,90% Overall probable correctness,41.580012,-81.571827,S,,R,U,** Street-Level Rooftop **,17460,"Cleveland-Elyria, OH Metropolitan Statistical Area",99999,,39035,3916000,39035117201,390351172011,-9080534.2447,5098273.4245
35637,OHA20000145,HARP APTS,1389 W 64TH ST,CLEVELAND,OH,44102,98-0023,,,,,,,,47426,13,10,0,1,12,0,0,2,,,2000,2000,1,1,2,,,2,,1,193500,,,,,,,,,,4,1,0,1,0,0,0,,2,3,13,10,,2,,,1,39,Cuyahoga,35,103100,1,1015,Cuyahoga,35,16000,Cleveland,16000,Cleveland city,C2,,1680,"Cleveland-Lorain-Elyria, OH PMSA",1,0,3911,1104,S,,1389 W 64th St,,Cleveland,OH,44102,2141,,44102,99,3,44102214199,H,,,,1,,,A,,90% Overall probable correctness,41.484673,-81.729047,S,,R,U,** Street-Level Rooftop **,17460,"Cleveland-Elyria, OH Metropolitan Statistical Area",99999,,39035,3916000,39035103100,390351031001,-9098035.8951,5084095.8217
35643,OHA20030069,FORREST HILLS TERRACE,14030 TER RD,EAST CLEVELAND,OH,44112,03-0120,,,,,,,,496057,420,420,0,306,114,0,0,,,,2003,2004,2,1,1,,,2,,,,,,,,,,,,,1,,,,,,,,2,1,420,420,,1,,"PREVIOUSLY LISTED AS OHA2003601, OHA2005067.",1,39,Cuyahoga,35,151300,2,2000,Cuyahoga,35,23380,East Cleveland,23380,East Cleveland city,C2,,1680,"Cleveland-Lorain-Elyria, OH PMSA",1,0,3911,1500,S,,14030 Terrace Rd,,East Cleveland,OH,44112,3982,,44112,99,8,44112398299,H,,,,2,,,A,,80% Overall probable correctness,41.525466,-81.581477,S,,R,U,** Street-Level Rooftop **,17460,"Cleveland-Elyria, OH Metropolitan Statistical Area",99999,,39035,3923380,39035151300,390351513002,-9081608.4778,5090159.4803
35647,OHA20030085,GLENVILLE ELDERLY II,661 E 103RD ST,CLEVELAND,OH,44108,01-0036,,,,,,,,316510,48,33,0,0,48,0,0,2,,,2003,2003,1,1,2,,,2,,,,,,,,,,,,,4,1,0,1,0,0,0,,1,2,48,33,,1,,,1,39,Cuyahoga,35,116100,2,2001,Cuyahoga,35,16000,Cleveland,16000,Cleveland city,C2,,1680,"Cleveland-Lorain-Elyria, OH PMSA",1,0,3911,1104,S,,661 E 103rd St,,Cleveland,OH,44108,4309,,44108,99,9,44108430999,H,,,,1,,,A,,90% Overall probable correctness,41.538997,-81.617013,S,,R,U,** Street-Level Rooftop **,17460,"Cleveland-Elyria, OH Metropolitan Statistical Area",99999,,39035,3916000,39035116100,390351161002,-9085564.3272,5092171.6344
35650,OHA20040087,EAST CLEVELAND HOMES,1663 DELMONT AVE,CLEVELAND,OH,44112,02-0061,,,,,,,,,37,37,0,0,0,25,12,2,,,2004,2005,1,1,,,,,,,,,,,,,,,,,4,2,,,,,,,1,3,37,37,,1,,,1,39,Cuyahoga,35,151800,2,2009,Cuyahoga,35,23380,East Cleveland,23380,East Cleveland city,C2,,1680,"Cleveland-Lorain-Elyria, OH PMSA",1,0,3911,1500,S,,1663 Delmont Ave,,Cleveland,OH,44112,4457,,44112,63,9,44112445763,S,,,,1,,,A,,90% Overall probable correctness,41.520678,-81.596503,S,,R,U,** Street-Level Rooftop **,17460,"Cleveland-Elyria, OH Metropolitan Statistical Area",99999,,39035,3923380,39035151800,390351518002,-9083281.1645,5089447.5721
35652,OHA20040092,ERIEVIEW HOMES I,13805 ARGUS AVE,CLEVELAND,OH,44110,02-0008,,,,,,,,500119,38,38,0,0,0,23,15,2,,,2004,2003,1,1,2,,,2,,,,,,,,,,,,,4,2,,,,,,,3,3,38,38,,1,,"PREVIOUSLY LISTED AS OHA2003060, OHA2002068, OHA2002569.",1,39,Cuyahoga,35,117102,2,2000,Cuyahoga,35,16000,Cleveland,16000,Cleveland city,C2,,1680,"Cleveland-Lorain-Elyria, OH PMSA",1,0,3911,1104,S,,13805 Argus Ave,,Cleveland,OH,44110,2115,,44110,5,6,44110211505,S,,,,1,,,A,,90% Overall probable correctness,41.561422,-81.586821,S,,R,U,** Street-Level Rooftop **,17460,"Cleveland-Elyria, OH Metropolitan Statistical Area",99999,,39035,3916000,39035117102,390351171022,-9082203.3692,5095507.3155
35653,OHA20040093,EUCLID HILL VILLA,100 RICHMOND RD,EUCLID,OH,44143,30119,,,,,,,,644897,505,505,0,436,69,0,0,,,,2004,2005,2,2,1,,,,,,,,,,,,,,,,1,,,,,,,,2,1,505,505,,2,,"PREVIOUSLY LISTED AS OHA2004642, OHA2005064, OHA2004094.",1,39,Cuyahoga,35,152604,1,1000,Cuyahoga,35,25704,Euclid,25704,Euclid city,C2,,1680,"Cleveland-Lorain-Elyria, OH PMSA",1,0,3911,1626,S,,100 Richmond Rd,,Euclid,OH,44143,1223,,44143,99,8,44143122399,H,,,,1,,,A,,90% Overall probable correctness,41.58642,-81.500177,S,,R,U,** Street-Level Rooftop **,17460,"Cleveland-Elyria, OH Metropolitan Statistical Area",99999,,39035,3925704,39035152604,390351526041,-9072558.2032,5099227.0908
35654,OHA20040110,FAIRFAX ELDERLY,8100 CENTRAL AVE,CLEVELAND,OH,44104,02-0023,,,,,,,,459315,56,47,0,0,54,0,2,2,,,2004,2004,1,1,2,,,2,,1,251000,,,,,,,,,,4,1,0,1,0,0,0,,1,3,56,47,,1,,,1,39,Cuyahoga,35,196500,2,2008,Cuyahoga,35,16000,Cleveland,16000,Cleveland city,C2,,1680,"Cleveland-Lorain-Elyria, OH PMSA",1,0,3911,1104,S,,8100 Central Ave,,Cleveland,OH,44104,2177,,44104,99,2,44104217799,H,,,,1,,,A,,90% Overall probable correctness,41.496114,-81.631555,S,,R,U,** Street-Level Rooftop **,17460,"Cleveland-Elyria, OH Metropolitan Statistical Area",99999,,39035,3916000,39035196500,390351965002,-9087183.1353,5085796.079
35657,OHA19980192,ROLLING HILLS APTS AT EUCLID,25400 EUCLID AVE,EUCLID,OH,44117,96-0139,,,,,,,,329873,196,196,18,120,58,0,0,,,,1998,1997,1,2,1,,,2,,,,,,,,,,,,,,,,,,,,,2,1,196,196,,2,1,PREVIOUSLY LISTED AS OHA1997235.,1,39,Cuyahoga,35,152604,1,1001,Cuyahoga,35,25704,Euclid,25704,Euclid city,C2,,1680,"Cleveland-Lorain-Elyria, OH PMSA",1,0,3911,1626,S,,25400 Euclid Ave,,Euclid,OH,44117,2623,,44117,99,2,44117262399,H,,,,1,,,A,,90% Overall probable correctness,41.584531,-81.50656,S,,R,U,** Street-Level Rooftop **,17460,"Cleveland-Elyria, OH Metropolitan Statistical Area",99999,,39035,3925704,39035152604,390351526041,-9073268.7555,5098945.9518
35664,OHA20000175,UNION MILES HOMES III,4067 E 108TH ST,CLEVELAND,OH,44105,OH-98-0037,,,,,,,,348436,30,25,0,0,0,10,20,2,,,2000,2000,1,1,2,,,2,,1,301000,,,,,,,,,,4,1,0,1,0,0,0,,1,2,30,25,,2,,,1,39,Cuyahoga,35,121300,1,1004,Cuyahoga,35,16000,Cleveland,16000,Cleveland city,C2,,1680,"Cleveland-Lorain-Elyria, OH PMSA",1,0,3911,1104,S,,4067 E 108th St,,Cleveland,OH,44105,5310,,44105,67,4,44105531067,S,,,,1,,,A,,90% Overall probable correctness,41.447636,-81.609552,S,,R,U,** Street-Level Rooftop **,17460,"Cleveland-Elyria, OH Metropolitan Statistical Area",99999,,39035,3916000,39035121300,390351213001,-9084733.7725,5078593.7778
35665,OHA20000177,VILLAGE OF EUCLID APTS,27300 EUCLID AVE,EUCLID,OH,44132,OH-98-0001,,,,,,,,68400,495,495,,,,,,,,,2000,1998,2,2,,,,,,,,,,,,,,,,,,,,,,,,,2,1,495,495,,2,,,1,39,Cuyahoga,35,196200,1,1003,Cuyahoga,35,25704,Euclid,25704,Euclid city,C2,,1680,"Cleveland-Lorain-Elyria, OH PMSA",1,0,3911,1626,S,,27300 Euclid Ave,,Euclid,OH,44132,3405,,44132,99,6,44132340599,H,,,,1,,,A,,90% Overall probable correctness,41.592971,-81.493174,S,,R,U,** Street-Level Rooftop **,17460,"Cleveland-Elyria, OH Metropolitan Statistical Area",99999,,39035,3925704,39035196200,390351962001,-9071778.6328,5100202.1369
35682,OHA20040137,HISTORIC NEWTON AVENUE APTS,1325 ANSEL RD,CLEVELAND,OH,44106,02-0022,,,,,,,,503697,32,32,0,1,12,8,11,2,,,2004,2005,1,1,2,,,2,,1,201000,,,,,,,,,,,1,1,0,0,0,0,,2,3,32,32,,1,,PREVIOUSLY LISTED AS OHA2005070.,1,39,Cuyahoga,35,118602,1,1000,Cuyahoga,35,16000,Cleveland,16000,Cleveland city,C2,,1680,"Cleveland-Lorain-Elyria, OH PMSA",1,0,3911,1104,S,,1325 Ansel Rd,,Cleveland,OH,44106,1079,,44106,99,0,44106107999,H,,,,1,,,A,,90% Overall probable correctness,41.520447,-81.62141,S,,R,U,** Street-Level Rooftop **,17460,"Cleveland-Elyria, OH Metropolitan Statistical Area",99999,,39035,3916000,39035118602,390351186021,-9086053.799,5089413.2269
35712,OHA19970055,CLEVELAND NEW CONSTRUCTION II,9903 KENNEDY AVE,CLEVELAND,OH,44104,OH-95-0060,,,,,,,,429887,45,45,0,0,2,27,16,,,,1997,1995,1,1,2,,,2,,,,,,,,,,,,,,,,,,,,,3,3,45,45,,2,,,1,39,Cuyahoga,35,114501,1,1000,Cuyahoga,35,16000,Cleveland,16000,Cleveland city,C2,,1680,"Cleveland-Lorain-Elyria, OH PMSA",1,0,3911,1104,S,,9903 Kennedy Ave,,Cleveland,OH,44104,3453,,44104,3,9,44104345303,S,,,,1,,,A,,90% Overall probable correctness,41.487498,-81.61757,S,,R,U,** Street-Level Rooftop **,17460,"Cleveland-Elyria, OH Metropolitan Statistical Area",99999,,39035,3916000,39035114501,390351145011,-9085626.3322,5084515.6196
35744,OHA19970095,GLENBROOKE HOMES I,1033 PARKWOOD DR,CLEVELAND,OH,44108,96-0013,,,,,,,,331980,32,32,0,0,0,17,15,2,,,1997,1998,1,1,2,,,2,,1,310000,,,,,,,,,,4,1,0,1,0,0,0,,3,3,32,32,,2,,,1,39,Cuyahoga,35,116500,2,2005,Cuyahoga,35,16000,Cleveland,16000,Cleveland city,C2,,1680,"Cleveland-Lorain-Elyria, OH PMSA",1,0,3911,1104,S,,1033 Parkwood Dr,,Cleveland,OH,44108,3678,,44108,33,3,44108367833,S,,,,1,,,A,,90% Overall probable correctness,41.529429,-81.609159,S,,R,U,** Street-Level Rooftop **,17460,"Cleveland-Elyria, OH Metropolitan Statistical Area",99999,,39035,3916000,39035116500,390351165002,-9084690.0239,5090748.7624
35749,OHA19970122,KARE BUILDING,13016 KINSMAN RD,CLEVELAND,OH,44120,950076,,,,,,,,,18,18,18,0,0,0,0,2,,,1997,1998,,,,,,,,,,,,,,,,,,,,,,,,,,,2,,18,18,,2,,PREVIOUSLY LISTED AS OHA1997514.,1,39,Cuyahoga,35,120701,1,1003,Cuyahoga,35,16000,Cleveland,16000,Cleveland city,C2,,1680,"Cleveland-Lorain-Elyria, OH PMSA",1,0,3911,1104,N,,13016 Kinsman Rd,,Cleveland,OH,44120,4402,,44120,16,2,44120440216,S,,,,1,,,A,,90% Overall probable correctness,41.465496,-81.591562,S,,R,U,** Street-Level Rooftop **,17460,"Cleveland-Elyria, OH Metropolitan Statistical Area",99999,,39035,3916000,39035120701,390351207011,-9082731.1349,5081246.5837
35768,OHA19950190,MILES HEIGHTS VILLAGE HOMES,15602 ALONZO AVE,CLEVELAND,OH,44128,OH-94-5107,,,,,,,,379025,40,40,0,0,0,30,10,,,,1995,1994,1,1,2,,,2,,,,,,,,,,,,,,,,,,,,,2,3,40,40,,2,,,1,39,Cuyahoga,35,122200,1,1001,Cuyahoga,35,16000,Cleveland,16000,Cleveland city,C2,,1680,"Cleveland-Lorain-Elyria, OH PMSA",1,0,3911,1104,S,,15602 Alonzo Ave,,Cleveland,OH,44128,2922,,44128,2,4,44128292202,S,,,,1,,,A,,90% Overall probable correctness,41.437454,-81.571739,S,,R,U,** Street-Level Rooftop **,17460,"Cleveland-Elyria, OH Metropolitan Statistical Area",99999,,39035,3916000,39035122200,390351222001,-9080524.4486,5077081.7379
35769,OHA19950195,MOUNT PLEASANT HOMES II,3415 E 106TH ST,CLEVELAND,OH,44104,944019,,,,,,,,486077,50,50,0,0,0,40,10,,,,1995,1994,1,1,2,,,2,,,,,,,,,,,,,,,,,,,,,1,2,50,50,,2,,,1,39,Cuyahoga,35,120500,1,1014,Cuyahoga,35,16000,Cleveland,16000,Cleveland city,C2,,1680,"Cleveland-Lorain-Elyria, OH PMSA",1,0,3911,1104,S,,3415 E 106th St,,Cleveland,OH,44104,5651,,44104,15,4,44104565115,S,,,,1,,,A,,90% Overall probable correctness,41.465892,-81.610738,S,,R,U,** Street-Level Rooftop **,17460,"Cleveland-Elyria, OH Metropolitan Statistical Area",99999,,39035,3916000,39035120500,390351205001,-9084865.7974,5081305.4112
35771,OHA19950205,NORTHEASTERN NEIGHBORHOOD HOMES,11108 ADA AVE,CLEVELAND,OH,44108,OH-94-4034,,,,,,,,438057,50,50,0,0,0,30,20,,,,1995,1994,1,1,2,,,2,,,,,,,,,,,,,,,,,,,,,1,3,50,50,,2,,,1,39,Cuyahoga,35,116500,2,2009,Cuyahoga,35,16000,Cleveland,16000,Cleveland city,C2,,1680,"Cleveland-Lorain-Elyria, OH PMSA",1,0,3911,1104,S,,11108 Ada Ave,,Cleveland,OH,44108,3717,,44108,8,7,44108371708,S,,,,1,,,A,,90% Overall probable correctness,41.528811,-81.608242,S,,R,U,** Street-Level Rooftop **,17460,"Cleveland-Elyria, OH Metropolitan Statistical Area",99999,,39035,3916000,39035116500,390351165002,-9084587.944,5090656.8659
35772,OHA19950210,NOUVELLE ESPOIRE ARCADE,4925 PAYNE AVE,CLEVELAND,OH,44103,OH-93-1007,,,,,,,,210000,39,39,0,19,20,0,0,,,,1995,1993,1,1,2,,,2,,,,,,,,,,,,,,,,,,,,,2,3,39,39,,2,,,1,39,Cuyahoga,35,108301,2,2002,Cuyahoga,35,16000,Cleveland,16000,Cleveland city,C2,,1680,"Cleveland-Lorain-Elyria, OH PMSA",1,0,3911,1104,S,,4925 Payne Ave,,Cleveland,OH,44103,2433,,44103,99,8,44103243399,H,,,,1,,,A,,90% Overall probable correctness,41.512642,-81.652438,S,,R,U,** Street-Level Rooftop **,17460,"Cleveland-Elyria, OH Metropolitan Statistical Area",99999,,39035,3916000,39035108301,390351083012,-9089507.8202,5088252.8504
35776,OHA19980171,PARK LANE APTS,13800 TER RD,EAST CLEVELAND,OH,44112,970088,,,,,,,,394333,254,254,48,122,60,24,0,,,,1998,1998,1,1,1,,,2,,,,,,,,,,,,,,,,,,,,,2,1,254,254,,2,,"PREVIOUSLY LISTED AS OHA1998516, OHA1997300.",1,39,Cuyahoga,35,151300,2,2000,Cuyahoga,35,23380,East Cleveland,23380,East Cleveland city,C2,,1680,"Cleveland-Lorain-Elyria, OH PMSA",1,0,3911,1500,S,,13800 Terrace Rd,,East Cleveland,OH,44112,4357,,44112,99,1,44112435799,H,,,,2,,,A,,80% Overall probable correctness,41.524787,-81.582275,S,,R,U,** Street-Level Rooftop **,17460,"Cleveland-Elyria, OH Metropolitan Statistical Area",99999,,39035,3923380,39035151300,390351513002,-9081697.3108,5090058.5193
35802,OHA19950250,RUDWICK APTS,17500 EUCLID AVE,CLEVELAND,OH,44112,OH-93-1005,,,,,,,,170200,90,90,0,48,42,0,0,,,,1995,1993,1,2,2,,,2,,,,,,,,,,,,,,,,,,,,,2,3,90,90,,2,,,1,39,Cuyahoga,35,126100,2,2003,Cuyahoga,35,16000,Cleveland,16000,Cleveland city,C2,,1680,"Cleveland-Lorain-Elyria, OH PMSA",1,0,3911,1104,S,,17500 Euclid Ave,,Cleveland,OH,44112,1253,,44112,99,9,44112125399,H,,,,1,,,A,,90% Overall probable correctness,41.55167,-81.557476,S,,R,U,** Street-Level Rooftop **,17460,"Cleveland-Elyria, OH Metropolitan Statistical Area",99999,,39035,3916000,39035126100,390351261002,-9078936.6987,5094056.5797
35816,OHA19920045,CHN VIII,3689 E 103RD ST,CLEVELAND,OH,44105,OH-91-0612,,,,,,,,,143,143,,,,,,,,,1992,1991,1,2,2,,,2,,,,,,,,,,,,,,,,,,,,,2,3,143,143,,2,,"PREVIOUSLY LISTED AS OHA1991010, OHA1991020, OHA1991245. AKA CLEVELAND HOUSING NETWORK V III.",2,39,Cuyahoga,35,120500,2,2014,Cuyahoga,35,16000,Cleveland,16000,Cleveland city,C2,,1680,"Cleveland-Lorain-Elyria, OH PMSA",1,0,3911,1104,S,,3689 E 103rd St,,Cleveland,OH,44105,2449,,44105,89,0,44105244989,S,,,,1,,,A,,90% Overall probable correctness,41.458212,-81.613059,S,,R,U,** Street-Level Rooftop **,17460,"Cleveland-Elyria, OH Metropolitan Statistical Area",99999,,39035,3916000,39035120500,390351205002,-9085124.17,5080164.5785
35819,OHA19940015,ASCENSION VILLAGE,14130 PURITAS AVE,CLEVELAND,OH,44135,921015,,,,,,,,233395,60,60,,,,,,,,,1994,1992,1,1,2,,,,,,,,,,,,,,,,,,,,,,,,,,60,60,,2,,,1,39,Cuyahoga,35,124202,2,2003,Cuyahoga,35,16000,Cleveland,16000,Cleveland city,C2,,1680,"Cleveland-Lorain-Elyria, OH PMSA",1,0,3911,1104,S,,14130 Puritas Ave,,Cleveland,OH,44135,2870,,44135,99,8,44135287099,H,,,,1,,,A,,90% Overall probable correctness,41.43374,-81.793014,S,,R,U,** Street-Level Rooftop **,17460,"Cleveland-Elyria, OH Metropolitan Statistical Area",99999,,39035,3916000,39035124202,390351242022,-9105156.6689,5076530.2632
35833,OHA19970180,NATIONAL TERMINAL APTS,1200 W NINTH ST,CLEVELAND,OH,44113,OH-96-0140,,,,,,,,309608,249,106,0,133,116,0,0,,,,1997,1996,2,2,1,,,2,,,,,,,,,,,,,,,,,,,,,2,1,249,106,,2,,,1,39,Cuyahoga,35,107101,1,1043,Cuyahoga,35,16000,Cleveland,16000,Cleveland city,C2,,1680,"Cleveland-Lorain-Elyria, OH PMSA",1,0,3911,1104,N,,1200 W 9th St,,Cleveland,OH,44113,1015,,44113,0,0,44113101500,S,,,,2,,,A,,80% Overall probable correctness,41.500217,-81.70189,S,,R,U,** Street-Level Rooftop **,17460,"Cleveland-Elyria, OH Metropolitan Statistical Area",99999,,39035,3916000,39035107101,390351071011,-9095012.7916,5086405.9027
35836,OHA19970195,NORTHEASTERN NEIGHBORHOOD HOMES II,627 E 123RD ST,CLEVELAND,OH,44108,OH-95-0052,,,,,,,,480042,47,47,0,0,0,26,21,,,,1997,1995,1,1,2,,,2,,,,,,,,,,,,,,,,,,,,,3,3,47,47,,2,,,1,39,Cuyahoga,35,116800,4,4003,Cuyahoga,35,16000,Cleveland,16000,Cleveland city,C2,,1680,"Cleveland-Lorain-Elyria, OH PMSA",1,0,3911,1104,S,,627 E 123rd St,,Cleveland,OH,44108,2329,,44108,27,8,44108232927,S,,,,1,,,A,,90% Overall probable correctness,41.540216,-81.599616,S,,R,U,** Street-Level Rooftop **,17460,"Cleveland-Elyria, OH Metropolitan Statistical Area",99999,,39035,3916000,39035116800,390351168004,-9083627.702,5092352.9288
35865,OHA19970230,ROCKEFELLER WEST SCATTERED SITES,846 ANSEL RD,CLEVELAND,OH,44103,OH-95-0070,,,,,,,,529657,58,58,0,0,0,45,13,,,,1997,1995,1,1,2,,,2,,,,,,,,,,,,,,,,,,,,,3,2,58,58,,2,,,1,39,Cuyahoga,35,111202,2,2014,Cuyahoga,35,16000,Cleveland,16000,Cleveland city,C2,,1680,"Cleveland-Lorain-Elyria, OH PMSA",1,0,3911,1104,S,,846 Ansel Rd,,Cleveland,OH,44103,2118,,44103,46,6,44103211846,S,,,,1,,,A,,90% Overall probable correctness,41.530685,-81.631767,S,,R,U,** Street-Level Rooftop **,17460,"Cleveland-Elyria, OH Metropolitan Statistical Area",99999,,39035,3916000,39035111202,390351112022,-9087206.735,5090935.5321
35870,OHA19920095,GARY L GRASSO HOUSING #1,13618 BLENHEIM RD,CLEVELAND,OH,44110,OH-92-4074,,,,,,,,,2,2,,,,,,,,,1992,1992,2,2,2,,,2,,,,,,,,,,,,,,,,,,,,,2,2,2,2,,2,1,,1,39,Cuyahoga,35,117300,2,2024,Cuyahoga,35,16000,Cleveland,16000,Cleveland city,C2,,1680,"Cleveland-Lorain-Elyria, OH PMSA",1,0,3911,1104,S,,13618 Blenheim Rd,,Cleveland,OH,44110,3514,,44110,18,8,44110351418,S,,,,1,,,A,,90% Overall probable correctness,41.54856,-81.58781,S,,R,U,** Street-Level Rooftop **,17460,"Cleveland-Elyria, OH Metropolitan Statistical Area",99999,,39035,3916000,39035117300,390351173002,-9082313.4641,5093593.9731
35871,OHA19920100,GARY L GRASSO HOUSING #2,461 E 114TH ST,CLEVELAND,OH,44108,OH-92-4075,,,,,,,,,2,2,,,,,,,,,1992,1992,2,2,2,,,2,,,,,,,,,,,,,,,,,,,,,2,2,2,2,,2,1,,1,39,Cuyahoga,35,116300,2,2015,Cuyahoga,35,16000,Cleveland,16000,Cleveland city,C2,,1680,"Cleveland-Lorain-Elyria, OH PMSA",1,0,3911,1104,S,,461 E 114th St,,Cleveland,OH,44108,1464,,44108,61,1,44108146461,S,,,,1,,,A,,90% Overall probable correctness,41.544726,-81.605569,S,,R,U,** Street-Level Rooftop **,17460,"Cleveland-Elyria, OH Metropolitan Statistical Area",99999,,39035,3916000,39035116300,390351163002,-9084290.387,5093023.7035
35917,OHA19960030,BOARDWALK APTS,586 E 105TH ST,CLEVELAND,OH,44108,OH-94-4020,,,,,,,,345374,123,123,0,24,67,27,5,,,,1996,1994,2,2,2,,,2,,,,,,,,,,,,,,,,,,,,,2,3,123,123,,2,,,1,39,Cuyahoga,35,116100,1,1003,Cuyahoga,35,16000,Cleveland,16000,Cleveland city,C2,,1680,"Cleveland-Lorain-Elyria, OH PMSA",1,0,3911,1104,S,,586 E 105th St,,Cleveland,OH,44108,1377,,44108,99,7,44108137799,H,,,,1,,,A,,90% Overall probable correctness,41.541287,-81.615749,S,,R,U,** Street-Level Rooftop **,17460,"Cleveland-Elyria, OH Metropolitan Statistical Area",99999,,39035,3916000,39035116100,390351161001,-9085423.6194,5092512.215
35918,OHA19960035,BTRN #3,1775 EDDY RD,E CLEVELAND,OH,44112,OH-94-6134,,,,,,,,,4,4,0,0,0,4,0,,,,1996,1994,1,2,,,,,,,,,,,,,,,,,,,,,,,,,2,,4,4,,2,1,,1,39,Cuyahoga,35,151500,1,1013,Cuyahoga,35,23380,East Cleveland,23380,East Cleveland city,C2,,1680,"Cleveland-Lorain-Elyria, OH PMSA",1,0,3911,1500,N,,1775 Eddy Rd,,E Cleveland,OH,44112,4209,,44112,75,1,44112420975,S,,,,1,,,A,,90% Overall probable correctness,41.526089,-81.587701,S,,R,U,** Street-Level Rooftop **,17460,"Cleveland-Elyria, OH Metropolitan Statistical Area",99999,,39035,3923380,39035151500,390351515001,-9082301.3303,5090252.1155
35919,OHA19960040,BUCKEYE HOMES I,9623 YEAKEL AVE,CLEVELAND,OH,44104,950040,,,,,,,,387461,38,38,0,0,1,17,20,2,,,1996,1998,1,1,2,,,2,,,,,,,,,,,,,,,,,,,,,3,3,38,38,,2,,,1,39,Cuyahoga,35,114501,1,1024,Cuyahoga,35,16000,Cleveland,16000,Cleveland city,C2,,1680,"Cleveland-Lorain-Elyria, OH PMSA",1,0,3911,1104,S,,9623 Yeakel Ave,,Cleveland,OH,44104,3433,,44104,23,9,44104343323,S,,,,1,,,A,,90% Overall probable correctness,41.485858,-81.618936,S,,R,U,** Street-Level Rooftop **,17460,"Cleveland-Elyria, OH Metropolitan Statistical Area",99999,,39035,3916000,39035114501,390351145011,-9085778.3946,5084271.9117
35943,OHA19960050,CHN XI,3461 E 73RD ST,CLEVELAND,OH,44127,OH-94-4087,,,,,,,,640870,143,143,0,10,46,59,28,,,,1996,1994,1,1,2,,,2,,,,,,,,,,,,,,,,,,,,,2,3,143,143,,2,,,1,39,Cuyahoga,35,114900,1,1005,Cuyahoga,35,16000,Cleveland,16000,Cleveland city,C2,,1680,"Cleveland-Lorain-Elyria, OH PMSA",1,0,3911,1104,S,,3461 E 73rd St,,Cleveland,OH,44127,2010,,44127,61,2,44127201061,S,,,,1,,,A,,90% Overall probable correctness,41.465711,-81.63696,S,,R,U,** Street-Level Rooftop **,17460,"Cleveland-Elyria, OH Metropolitan Statistical Area",99999,,39035,3916000,39035114900,390351149001,-9087784.8171,5081278.5228
35956,OHA19980010,ASHBURY HOMES DEVELOPMENT,540 E 105TH ST,CLEVELAND,OH,44108,97-0027,,,,,,,,323752,29,29,0,29,0,0,0,2,,,1998,1999,1,1,2,,,2,,1,300500,,,,,,,,,,4,1,0,1,0,0,0,,1,2,29,29,,2,,,1,39,Cuyahoga,35,116100,1,1002,Cuyahoga,35,16000,Cleveland,16000,Cleveland city,C2,,1680,"Cleveland-Lorain-Elyria, OH PMSA",1,0,3911,1104,S,,540 E 105th St,,Cleveland,OH,44108,4301,,44108,99,7,44108430199,H,,,,1,,,A,,90% Overall probable correctness,41.54242,-81.615749,S,,R,U,** Street-Level Rooftop **,17460,"Cleveland-Elyria, OH Metropolitan Statistical Area",99999,,39035,3916000,39035116100,390351161001,-9085423.6194,5092680.725
35966,OHA19940200,KENNEDY BUILDING REDEVELOPMENT,1403 W 65TH ST,CLEVELAND,OH,44102,932066,,,,,,,,49400,8,8,,,,,,,,,1994,1993,1,1,,,,,,,,,,,,,,,,,,,,,,,,,2,,8,8,,2,,,1,39,Cuyahoga,35,103100,1,1017,Cuyahoga,35,16000,Cleveland,16000,Cleveland city,C2,,1680,"Cleveland-Lorain-Elyria, OH PMSA",1,0,3911,1104,S,,1403 W 65th St,,Cleveland,OH,44102,3158,,44102,99,4,44102315899,H,,,,1,,,A,,90% Overall probable correctness,41.483836,-81.730078,S,,R,U,** Street-Level Rooftop **,17460,"Cleveland-Elyria, OH Metropolitan Statistical Area",99999,,39035,3916000,39035103100,390351031001,-9098150.6655,5083971.4462
35968,OHA19940210,LEE ORVILLE APTS,10722 LEE AVE,CLEVELAND,OH,44106,OH-92-4094,,,,,,,,51000,34,34,,,,,,,,,1994,1992,2,2,2,,,,,,,,,,,,,,,,,,,,,,,,,,34,34,,2,,,1,39,Cuyahoga,35,118301,4,4003,Cuyahoga,35,16000,Cleveland,16000,Cleveland city,C2,,1680,"Cleveland-Lorain-Elyria, OH PMSA",1,0,3911,1104,S,,10722 Lee Ave,,Cleveland,OH,44106,1225,,44106,99,7,44106122599,H,,,,1,,,A,,90% Overall probable correctness,41.518349,-81.612272,S,,R,U,** Street-Level Rooftop **,17460,"Cleveland-Elyria, OH Metropolitan Statistical Area",99999,,39035,3916000,39035118301,390351183014,-9085036.5615,5089101.3016
35973,OHA19960070,CRAWFORD-TILDEN APT BUILDING,1831 CRAWFORD RD,CLEVELAND,OH,44106,OH-94-4023,,,,,,,,198018,19,19,0,3,3,13,0,,,,1996,1994,1,1,2,,,2,,,,,,,,,,,,,,,,,,,,,2,3,19,19,,2,,,1,39,Cuyahoga,35,118900,1,1024,Cuyahoga,35,16000,Cleveland,16000,Cleveland city,C2,,1680,"Cleveland-Lorain-Elyria, OH PMSA",1,0,3911,1104,N,,1831 Crawford Rd,,Cleveland,OH,44106,2029,,44106,31,8,44106202931,S,,,,1,,,A,,90% Overall probable correctness,41.507064,-81.628934,S,,R,U,** Street-Level Rooftop **,17460,"Cleveland-Elyria, OH Metropolitan Statistical Area",99999,,39035,3916000,39035118900,390351189001,-9086891.3669,5087423.6496
36002,OHA19940255,PARK PLACE APTS,1404 E BLVD,CLEVELAND,OH,44106,947159,,,,,,,,322907,122,122,0,14,42,12,54,,,,1994,1994,2,2,,,,,,,,,,,,,,,,,,,,,,,,,2,,122,122,,2,,,1,39,Cuyahoga,35,118301,1,1001,Cuyahoga,35,16000,Cleveland,16000,Cleveland city,C2,,1680,"Cleveland-Lorain-Elyria, OH PMSA",1,0,3911,1104,S,,1404 East Blvd,,Cleveland,OH,44106,4050,,44106,4,2,44106405004,S,,,,2,,,A,,80% Overall probable correctness,41.518284,-81.617004,S,,R,U,** Street-Level Rooftop **,17460,"Cleveland-Elyria, OH Metropolitan Statistical Area",99999,,39035,3916000,39035118301,390351183011,-9085563.3254,5089091.6377
36005,OHA19960105,GLENVILLE APTS,10322 ELK AVE,CLEVELAND,OH,44108,OH-94-4024,,,,,,,,142836,50,50,0,6,31,11,2,,,,1996,1994,2,1,2,,,2,,,,,,,,,,,,,,,,,,,,,2,3,50,50,,2,,,1,39,Cuyahoga,35,116100,1,1002,Cuyahoga,35,16000,Cleveland,16000,Cleveland city,C2,,1680,"Cleveland-Lorain-Elyria, OH PMSA",1,0,3911,1104,Y,,10322 Elk Ave Apt 5,,Cleveland,OH,44108,4115,,44108,5,7,44108411505,H,5,Apt,,0,,,,,100% Overall probable correctness,41.543261,-81.616694,S,,R,U,** Street-Level Rooftop **,17460,"Cleveland-Elyria, OH Metropolitan Statistical Area",99999,,39035,3916000,39035116100,390351161001,-9085528.8163,5092805.8081
36010,OHA19960130,KENMORE GARDENS,1634 E 93RD ST,CLEVELAND,OH,44106,OH-94-5100,,,,,,,,212601,66,66,0,0,10,46,10,,,,1996,1994,2,1,2,,,2,,,,,,,,,,,,,,,,,,,,,2,3,66,66,,2,,,1,39,Cuyahoga,35,112600,2,2002,Cuyahoga,35,16000,Cleveland,16000,Cleveland city,C2,,1680,"Cleveland-Lorain-Elyria, OH PMSA",1,0,3911,1104,S,,1634 E 93rd St,,Cleveland,OH,44106,1589,,44106,34,5,44106158934,S,,,,1,,,A,,90% Overall probable correctness,41.512069,-81.622049,S,,R,U,** Street-Level Rooftop **,17460,"Cleveland-Elyria, OH Metropolitan Statistical Area",99999,,39035,3916000,39035112600,390351126002,-9086124.9322,5088167.6674
36011,OHA19960135,KENMORE VILLAGE,9010 KENMORE AVE,CLEVELAND,OH,44106,OH-94-5099,,,,,,,,114291,36,36,0,0,3,28,5,,,,1996,1994,1,1,2,,,2,,,,,,,,,,,,,,,,,,,,,2,3,36,36,,2,,,1,39,Cuyahoga,35,112600,1,1005,Cuyahoga,35,16000,Cleveland,16000,Cleveland city,C2,,1680,"Cleveland-Lorain-Elyria, OH PMSA",1,0,3911,1104,S,,9010 Kenmore Ave,,Cleveland,OH,44106,4534,,44106,99,1,44106453499,H,,,,1,,,A,,90% Overall probable correctness,41.513694,-81.624878,S,,R,U,** Street-Level Rooftop **,17460,"Cleveland-Elyria, OH Metropolitan Statistical Area",99999,,39035,3916000,39035112600,390351126001,-9086439.855,5088409.244
36014,OHA19980060,CLEVELAND HOUSING NETWORK XIV,13510 COATH AVE,CLEVELAND,OH,44120,OH-97-0045,,,,,,,,994290,144,144,0,0,35,72,37,,,,1998,1997,1,1,2,,,2,,,,,,,,,,,,,,,,,,,,,3,3,144,144,,2,,,1,39,Cuyahoga,35,121200,1,1005,Cuyahoga,35,16000,Cleveland,16000,Cleveland city,C2,,1680,"Cleveland-Lorain-Elyria, OH PMSA",1,0,3911,1104,S,,13510 Coath Ave,,Cleveland,OH,44120,4630,,44120,10,5,44120463010,S,,,,1,,,A,,90% Overall probable correctness,41.455091,-81.588308,S,,R,U,** Street-Level Rooftop **,17460,"Cleveland-Elyria, OH Metropolitan Statistical Area",99999,,39035,3916000,39035121200,390351212001,-9082368.9012,5079701.0052
36028,OHA19940280,SHAKER BOULEVARD GARDENS,10708 SHAKER BLVD,CLEVELAND,OH,44104,932067,,,,,,,,148500,73,73,,,,,,,,,1994,1993,2,2,2,,,,,,,,,,,,,,,,,,,,,,,,,,73,73,,2,,,1,39,Cuyahoga,35,119300,3,3010,Cuyahoga,35,16000,Cleveland,16000,Cleveland city,C2,,1680,"Cleveland-Lorain-Elyria, OH PMSA",1,0,3911,1104,S,,10708 Shaker Blvd,,Cleveland,OH,44104,3783,,44104,99,8,44104378399,H,,,,1,,,A,,90% Overall probable correctness,41.483454,-81.610694,S,,R,U,** Street-Level Rooftop **,17460,"Cleveland-Elyria, OH Metropolitan Statistical Area",99999,,39035,3916000,39035119300,390351193003,-9084860.8994,5083914.6827
36030,OHA19940290,SKIBO HOMES,6901 DETROIT AVE,CLEVELAND,OH,44102,924092,,,,,,,,148000,49,49,,,,,,,,,1994,1992,1,2,,,,,,,,,,,,,,,,,,,,,,,,,2,,49,49,,2,,,1,39,Cuyahoga,35,101200,1,1016,Cuyahoga,35,16000,Cleveland,16000,Cleveland city,C2,,1680,"Cleveland-Lorain-Elyria, OH PMSA",1,0,3911,1104,S,,6901 Detroit Ave,,Cleveland,OH,44102,3055,,44102,99,8,44102305599,H,,,,1,,,A,,90% Overall probable correctness,41.483377,-81.732176,S,,R,U,** Street-Level Rooftop **,17460,"Cleveland-Elyria, OH Metropolitan Statistical Area",99999,,39035,3916000,39035101200,390351012001,-9098384.2137,5083903.2409
36055,OHA19940310,SUMMERWOOD COMMONS,19530 EUCLID AVE,EUCLID,OH,44117,931051,,,,,,,,396990,167,167,,,,,,,,,1994,1993,1,2,2,,,,,,,,,,,,,,,,,,,,,,,,,,167,167,,2,,AKA EUCLID HILLS APTS.,1,39,Cuyahoga,35,152702,2,2009,Cuyahoga,35,25704,Euclid,25704,Euclid city,C2,,1680,"Cleveland-Lorain-Elyria, OH PMSA",1,0,3911,1626,S,,19530 Euclid Ave,,Euclid,OH,44117,1486,,44117,99,6,44117148699,H,,,,1,,,A,,90% Overall probable correctness,41.561519,-81.543634,S,,R,U,** Street-Level Rooftop **,17460,"Cleveland-Elyria, OH Metropolitan Statistical Area",99999,,39035,3925704,39035152702,390351527022,-9077395.8143,5095521.7466
36058,OHA19940325,UNION MILES HOMES,9250 MILES PARK AVE,CLEVELAND,OH,44105,OH-93-3076,,,,,,,,392083,50,50,,,,,,,,,1994,1993,1,2,2,,,,,,,,,,,,,,,,,,,,,,,,,,50,50,,2,,,1,39,Cuyahoga,35,127501,1,1056,Cuyahoga,35,16000,Cleveland,16000,Cleveland city,C2,,1680,"Cleveland-Lorain-Elyria, OH PMSA",1,0,3911,1104,S,,9250 Miles Park Ave,,Cleveland,OH,44105,5166,,44105,99,0,44105516699,H,,,,1,,,A,,90% Overall probable correctness,41.446509,-81.621753,S,,R,U,** Street-Level Rooftop **,17460,"Cleveland-Elyria, OH Metropolitan Statistical Area",99999,,39035,3916000,39035127501,390351275011,-9086091.9816,5078426.4052
36061,OHA19960175,PAGE-WYMORE APTS,1739 WYMORE AVE,EAST CLEVELAND,OH,44112,OH-94-5097,,,,,,,,235478,99,99,0,18,58,22,1,,,,1996,1994,2,2,2,,,2,,,,,,,,,,,,,,,,,,,,,2,3,99,99,,2,,,1,39,Cuyahoga,35,151400,1,1007,Cuyahoga,35,23380,East Cleveland,23380,East Cleveland city,C2,,1680,"Cleveland-Lorain-Elyria, OH PMSA",1,0,3911,1500,N,,1739 Wymore Ave,,East Cleveland,OH,44112,3320,,44112,39,8,44112332039,S,,,,1,,,A,,90% Overall probable correctness,41.532865,-81.580179,S,,R,U,** Street-Level Rooftop **,17460,"Cleveland-Elyria, OH Metropolitan Statistical Area",99999,,39035,3923380,39035151400,390351514001,-9081463.9851,5091259.711
36069,OHA19980135,KINSMAN KARE,13016 KINSMAN RD,CLEVELAND,OH,44120,OH-95-0076,,,,,,,,110000,18,18,18,0,0,0,0,,,,1998,1995,1,1,2,,,2,,,,,,,,,,,,,,,,,,,,,2,3,18,18,,2,,,1,39,Cuyahoga,35,120701,1,1003,Cuyahoga,35,16000,Cleveland,16000,Cleveland city,C2,,1680,"Cleveland-Lorain-Elyria, OH PMSA",1,0,3911,1104,N,,13016 Kinsman Rd,,Cleveland,OH,44120,4402,,44120,16,2,44120440216,S,,,,1,,,A,,90% Overall probable correctness,41.465496,-81.591562,S,,R,U,** Street-Level Rooftop **,17460,"Cleveland-Elyria, OH Metropolitan Statistical Area",99999,,39035,3916000,39035120701,390351207011,-9082731.1349,5081246.5837
36072,OHA19980152,MOUNT PLEASANT HOMES III,10813 ELIOT AVE,CLEVELAND,OH,44104,970009,,,,,,,,373836,39,39,0,0,4,31,4,2,,,1998,1999,1,1,2,,,,,,,,,,,,,,,,,,,,,,,,3,3,39,39,,2,,"PREVIOUSLY LISTED AS OHA1998519, OHA1999150.",1,39,Cuyahoga,35,120500,1,1007,Cuyahoga,35,16000,Cleveland,16000,Cleveland city,C2,,1680,"Cleveland-Lorain-Elyria, OH PMSA",1,0,3911,1104,S,,10813 Eliot Ave,,Cleveland,OH,44104,5633,,44104,13,6,44104563313,S,,,,1,,,A,,90% Overall probable correctness,41.467043,-81.609619,S,,R,U,** Street-Level Rooftop **,17460,"Cleveland-Elyria, OH Metropolitan Statistical Area",99999,,39035,3916000,39035120500,390351205001,-9084741.2309,5081476.3992
36074,OHA19980160,NOTRE DAME ELDERLY HOUSING,1325 ANSEL RD,CLEVELAND,OH,44106,960017,,,,,,,,234790,39,32,0,28,0,8,0,2,,,1998,1999,1,1,2,,,2,,1,210000,,,,,,,,,,1,1,0,1,0,0,0,,2,2,39,32,,2,,,1,39,Cuyahoga,35,118602,1,1000,Cuyahoga,35,16000,Cleveland,16000,Cleveland city,C2,,1680,"Cleveland-Lorain-Elyria, OH PMSA",1,0,3911,1104,S,,1325 Ansel Rd,,Cleveland,OH,44106,1079,,44106,99,0,44106107999,H,,,,1,,,A,,90% Overall probable correctness,41.520447,-81.62141,S,,R,U,** Street-Level Rooftop **,17460,"Cleveland-Elyria, OH Metropolitan Statistical Area",99999,,39035,3916000,39035118602,390351186021,-9086053.799,5089413.2269
36084,OHA19940345,WEST ONE,3209 ARCHWOOD AVE,CLEVELAND,OH,44109,OH-92-3056,,,,,,,,217070,60,60,,,,,,,,,1994,1992,1,2,,,,,,,,,,,,,,,,,,,,,,,,,,,60,60,,2,,,1,39,Cuyahoga,35,105500,1,1012,Cuyahoga,35,16000,Cleveland,16000,Cleveland city,C2,,1680,"Cleveland-Lorain-Elyria, OH PMSA",1,0,3911,1104,S,,3209 Archwood Ave,,Cleveland,OH,44109,2584,,44109,99,5,44109258499,H,,,,1,,,A,,90% Overall probable correctness,41.452516,-81.704477,S,,R,U,** Street-Level Rooftop **,17460,"Cleveland-Elyria, OH Metropolitan Statistical Area",99999,,39035,3916000,39035105500,390351055001,-9095300.7752,5079318.5481
36088,OHA19950005,1895 BELMORE BUILDING,1895 BELMORE RD,EAST CLEVELAND,OH,44112,OH-94-6131,,,,,,,,,7,7,0,0,1,6,0,,,,1995,1994,1,1,2,,,2,,,,,,,,,,,,,,,,,,,,,2,3,7,7,,2,1,,1,39,Cuyahoga,35,151500,1,1003,Cuyahoga,35,23380,East Cleveland,23380,East Cleveland city,C2,,1680,"Cleveland-Lorain-Elyria, OH PMSA",1,0,3911,1500,Y,,1895 Belmore Rd Apt 5,,East Cleveland,OH,44112,5110,,44112,5,6,44112511005,H,5,Apt,,0,,,,,100% Overall probable correctness,41.525637,-81.582164,S,,R,U,** Street-Level Rooftop **,17460,"Cleveland-Elyria, OH Metropolitan Statistical Area",99999,,39035,3923380,39035151500,390351515001,-9081684.9543,5090184.9065
36105,OHA19930100,CORNERSTONE I & II,2029 E 40TH ST,CLEVELAND,OH,44103,OH-91-0672,,,,,,,,385000,67,67,,,,,,,,,1993,1991,1,2,,,,,,,,,,,,,,,,,,,,,,,,,2,,67,67,,2,,AKA NOAH MIDTOWN II.,1,39,Cuyahoga,35,108701,1,1001,Cuyahoga,35,16000,Cleveland,16000,Cleveland city,C2,,1680,"Cleveland-Lorain-Elyria, OH PMSA",1,0,3911,1104,S,,2029 E 40th St,,Cleveland,OH,44103,4300,,44103,99,3,44103430099,H,,,,1,,,A,,90% Overall probable correctness,41.502915,-81.657618,S,,R,U,** Street-Level Rooftop **,17460,"Cleveland-Elyria, OH Metropolitan Statistical Area",99999,,39035,3916000,39035108701,390351087011,-9090084.4552,5086806.9241
36114,OHA19950035,BTRN #1,1767 EDDY RD,EAST CLEVELAND,OH,44112,OH-94-6133,,,,,,,,,4,4,0,0,0,4,0,,,,1995,1994,1,1,2,,,2,,,,,,,,,,,,,,,,,,,,,2,3,4,4,,2,1,,1,39,Cuyahoga,35,151500,1,1013,Cuyahoga,35,23380,East Cleveland,23380,East Cleveland city,C2,,1680,"Cleveland-Lorain-Elyria, OH PMSA",1,0,3911,1500,N,,1767 Eddy Rd,,East Cleveland,OH,44112,4209,,44112,67,0,44112420967,S,,,,1,,,A,,90% Overall probable correctness,41.526211,-81.587905,S,,R,U,** Street-Level Rooftop **,17460,"Cleveland-Elyria, OH Metropolitan Statistical Area",99999,,39035,3923380,39035151500,390351515001,-9082324.0395,5090270.256
36125,OHA19960270,UNION MILES HOMES II,9320 GAYLORD AVE,CLEVELAND,OH,44105,OH-95-0038,,,,,,,,443730,43,43,0,0,4,18,21,,,,1996,1995,1,1,2,,,2,,,,,,,,,,,,,,,,,,,,,3,3,43,43,,2,,,1,39,Cuyahoga,35,121300,3,3004,Cuyahoga,35,16000,Cleveland,16000,Cleveland city,C2,,1680,"Cleveland-Lorain-Elyria, OH PMSA",1,0,3911,1104,S,,9320 Gaylord Ave,,Cleveland,OH,44105,5209,,44105,20,8,44105520920,S,,,,1,,,A,,90% Overall probable correctness,41.44777,-81.62107,S,,R,U,** Street-Level Rooftop **,17460,"Cleveland-Elyria, OH Metropolitan Statistical Area",99999,,39035,3916000,39035121300,390351213003,-9086015.9504,5078613.6785
36142,OHA19950065,CHN XII,9718 ANDERSON AVE,CLEVELAND,OH,44105,OH-95-0046,,,,,,,,663869,144,144,0,0,29,76,45,,,,1995,1995,1,1,2,,,2,,,,,,,,,,,,,,,,,,,,,2,3,144,144,,2,,,1,39,Cuyahoga,35,120400,4,4002,Cuyahoga,35,16000,Cleveland,16000,Cleveland city,C2,,1680,"Cleveland-Lorain-Elyria, OH PMSA",1,0,3911,1104,S,,9718 Anderson Ave,,Cleveland,OH,44105,2210,,44105,18,2,44105221018,S,,,,1,,,A,,90% Overall probable correctness,41.460913,-81.618722,S,,R,U,** Street-Level Rooftop **,17460,"Cleveland-Elyria, OH Metropolitan Statistical Area",99999,,39035,3916000,39035120400,390351204004,-9085754.5722,5080565.7856
36143,OHA19950070,CLEVELAND NEW CONSTRUCTION I,3230 E 49TH ST,CLEVELAND,OH,44127,OH-94-4043,,,,,,,,359129,35,35,0,0,0,35,35,,,,1995,1994,1,1,2,,,2,,,,,,,,,,,,,,,,,,,,,1,3,35,35,,2,,,1,39,Cuyahoga,35,110801,2,2015,Cuyahoga,35,16000,Cleveland,16000,Cleveland city,C2,,1680,"Cleveland-Lorain-Elyria, OH PMSA",1,0,3911,1104,S,,3230 E 49th St,,Cleveland,OH,44127,1048,,44127,30,6,44127104830,S,,,,1,,,A,,90% Overall probable correctness,41.470427,-81.657486,S,,R,U,** Street-Level Rooftop **,17460,"Cleveland-Elyria, OH Metropolitan Statistical Area",99999,,39035,3916000,39035110801,390351108012,-9090069.761,5081979.1305
36154,OHA19970002,LASALLE APTS,1215 W TENTH ST,CLEVELAND,OH,44113,960140,,,,,,,,,,,,,,,,,,,1997,8888,,,,,,,,,,,,,,,,,,,,,,,,,,,,,,,,2,,PREVIOUSLY LISTED AS OHA1997510.,1,39,Cuyahoga,35,107101,1,1043,Cuyahoga,35,16000,Cleveland,16000,Cleveland city,C2,,1680,"Cleveland-Lorain-Elyria, OH PMSA",1,0,3911,1104,S,,1215 W 10th St,,Cleveland,OH,44113,1291,,44113,99,6,44113129199,H,,,,2,,,A,,80% Overall probable correctness,41.499702,-81.703349,S,,R,U,** Street-Level Rooftop **,17460,"Cleveland-Elyria, OH Metropolitan Statistical Area",99999,,39035,3916000,39035107101,390351071011,-9095175.2068,5086329.3568
36177,OHA19950135,HOLDEN APTS,12215 ASHBURY AVE,CLEVELAND,OH,44106,OH-93-1002,,,,,,,,82000,17,17,0,7,10,0,0,,,,1995,1993,1,1,2,,,2,,,,,,,,,,,,,,,,,,,,,2,2,17,17,,2,,,1,39,Cuyahoga,35,118500,2,2002,Cuyahoga,35,16000,Cleveland,16000,Cleveland city,C2,,1680,"Cleveland-Lorain-Elyria, OH PMSA",1,0,3911,1104,S,,12215 Ashbury Ave,,Cleveland,OH,44106,4424,,44106,99,3,44106442499,H,,,,1,,,A,,90% Overall probable correctness,41.517563,-81.600739,S,,R,U,** Street-Level Rooftop **,17460,"Cleveland-Elyria, OH Metropolitan Statistical Area",99999,,39035,3916000,39035118500,390351185002,-9083752.7138,5088984.4437
36183,OHA19970035,BUCKEYE HOMES II,10323 CRESTWOOD AVE,CLEVELAND,OH,44104,960029,,,,,,,,327310,35,35,0,0,0,17,18,2,,,1997,1998,1,1,2,,,2,,,,,,,,,,,,,,,,,,,,,3,2,35,35,,2,,,1,39,Cuyahoga,35,119300,4,4000,Cuyahoga,35,16000,Cleveland,16000,Cleveland city,C2,,1680,"Cleveland-Lorain-Elyria, OH PMSA",1,0,3911,1104,S,,10323 Crestwood Ave,,Cleveland,OH,44104,3504,,44104,23,0,44104350423,S,,,,1,,,A,,90% Overall probable correctness,41.487293,-81.615222,S,,R,U,** Street-Level Rooftop **,17460,"Cleveland-Elyria, OH Metropolitan Statistical Area",99999,,39035,3916000,39035119300,390351193004,-9085364.954,5084485.1558
36186,OHA19970050,CLEVELAND HOUSING NETWORK XIII,1187 ADDISON RD,CLEVELAND,OH,44103,OH-96-0053,,,,,,,,536154,79,79,0,0,21,39,19,,,,1997,1996,1,1,2,,,2,,,,,,,,,,,,,,,,,,,,,3,3,79,79,,2,,,1,39,Cuyahoga,35,111600,2,2001,Cuyahoga,35,16000,Cleveland,16000,Cleveland city,C2,,1680,"Cleveland-Lorain-Elyria, OH PMSA",1,0,3911,1104,S,,1187 Addison Rd,,Cleveland,OH,44103,1576,,44103,87,4,44103157687,S,,,,1,,,A,,90% Overall probable correctness,41.52162,-81.641811,S,,R,U,** Street-Level Rooftop **,17460,"Cleveland-Elyria, OH Metropolitan Statistical Area",99999,,39035,3916000,39035111600,390351116002,-9088324.828,5089587.63
36189,OHA20190034,SHAKER PARK APARTMENTS,4401 NORTHFIELD RD,WARRENSVILLE HEIGHTS,OH,44128,180215,,,,,,,,560926,151,151,0,0,151,0,0,3,,,2019,2018,,2,,1,,2,,2,0,2,0,2,0,,,0,2,0,,2,2,2,2,2,2,,2,3,151,151,0,2,,,1,39,Cuyahoga,35,188105,1,1001,Cuyahoga,35,80990,Warrensville Heights,80990,Warrensville Heights city,C2,,1680,"Cleveland-Lorain-Elyria, OH PMSA",1,0,3911,5460,S,,4401 Northfield Rd,,Warrensville Heights,OH,44128,4678,,44128,99,8,44128467899,H,,,,1,,,A,,90% Overall probable correctness,41.440208,-81.526089,S,,R,U,** Street-Level Rooftop **,17460,"Cleveland-Elyria, OH Metropolitan Statistical Area",99999,,39035,3980990,39035188105,390351881051,-9075442.7138,5077490.687
36214,OHA20160001,A PLACE FOR US HOUSING,11610 MADISON AVENUE,CLEVELAND,OH,44102,140047,,,,,,,,809509,55,55,0,26,29,0,0,9,,0,2016,2014,,1,2,1,,2,,2,0,2,0,2,0,,,0,2,0,,1,2,1,2,2,2,,1,3,55,55,0,1,,,1,39,Cuyahoga,35,101300,1,1015,Cuyahoga,35,16000,Cleveland,16000,Cleveland city,C2,,1680,"Cleveland-Lorain-Elyria, OH PMSA",1,0,3911,1104,S,,11610 Madison Ave,,Cleveland,OH,44102,2322,,44102,99,2,44102232299,H,,,,1,,,A,,90% Overall probable correctness,41.477156,-81.768088,S,,R,U,** Street-Level Rooftop **,17460,"Cleveland-Elyria, OH Metropolitan Statistical Area",99999,,39035,3916000,39035101300,390351013001,-9102381.9193,5082978.877
36217,OHA20200016,EMERALD ALLIANCE XI,3875 WEST 25TH STREET,CLEVELAND,OH,44109,170003,,,,,,,,1049500,71,71,0,71,0,0,0,2,,,2020,2018,2,2,,1,,2,,2,0,2,0,2,0,,,0,2,0,,1,2,2,2,2,2,,1,3,71,71,0,1,,,1,39,Cuyahoga,35,105602,2,2008,Cuyahoga,35,16000,Cleveland,16000,Cleveland city,C2,,1680,"Cleveland-Lorain-Elyria, OH PMSA",1,0,39**,1104,,,,,Cleveland,OH,44109,,,44109,,,,,,,H,,,,,H,House # not found on this street,41.449765,-81.701664,S,,R,U,** Street-Level Rooftop **,17460,"Cleveland-Elyria, OH Metropolitan Statistical Area",99999,,39035,3916000,39035105602,390351056022,-9094987.6334,5078909.967
36218,OHA20200017,FRANCISCAN VILLAGE APARTMENTS,3648 ROCKY RIVER DRIVE,CLEVELAND,OH,44111,200227,,,,,,,,997937,176,176,0,173,0,3,0,3,,,2020,2020,,2,,1,,2,,2,0,2,0,2,0,,,0,2,0,,2,2,2,2,2,2,,2,3,176,176,0,2,,,1,39,Cuyahoga,35,123400,5,5003,Cuyahoga,35,16000,Cleveland,16000,Cleveland city,C2,,1680,"Cleveland-Lorain-Elyria, OH PMSA",1,0,3911,1104,S,,3648 Rocky River Dr,,Cleveland,OH,44111,3976,,44111,99,6,44111397699,H,,,,1,,,A,,90% Overall probable correctness,41.454419,-81.815976,S,,R,U,** Street-Level Rooftop **,17460,"Cleveland-Elyria, OH Metropolitan Statistical Area",99999,,39035,3916000,39035123400,390351234005,-9107712.7871,5079601.1936
36221,OHA20200021,LA VILLA HISPANA,SCATTERED,CLEVELAND,OH,44109,180004,,,,,,,,570000,30,30,0,0,0,30,0,3,,,2020,2018,,2,,1,,2,,2,0,2,0,2,0,,,0,2,0,,2,2,2,2,2,2,,1,3,30,30,0,1,,,1,39,Cuyahoga,35,106300,,,Cuyahoga,35,16000,Cleveland,16000,Cleveland city,C2,,9999,,1,0,39**,1104,,,,,Cleveland,OH,44109,,,44109,,,,,,,H,,,,,H,House # not found on this street,41.4425,-81.7111,5,S,T,U,**  Centroid Lat/Long   **,17460,"Cleveland-Elyria, OH Metropolitan Statistical Area",99999,,39035,3916000,39035106300,,-9096038.0442,5077831.0456
36223,OHA20200023,LEGACY AT ST. LUKE'S,VARIOUS,CLEVELAND,OH,44104,180001,,,,,,,,469328,27,27,0,5,0,22,0,3,,,2020,2018,,2,,1,,2,,2,0,2,0,2,0,,,0,2,0,,2,2,2,2,2,2,,1,3,27,27,0,1,,,1,39,Cuyahoga,35,114501,,,Cuyahoga,35,16000,Cleveland,16000,Cleveland city,C2,,9999,,1,0,3911,1104,,,,,Cleveland,OH,44104,,,44104,,,,,,,S,,,,,S,Street not found,41.4734,-81.6271,5,S,T,U,**  Centroid Lat/Long   **,17460,"Cleveland-Elyria, OH Metropolitan Statistical Area",99999,,39035,3916000,39035114501,,-9086687.2069,5082420.8247
36242,OHA20160005,CEDAR REDEVELOPMENT PHASE II,2390 E 30TH STREET,CLEVELAND,OH,44115,140112,,,,,,,,543555,30,50,0,2,18,7,3,9,,0,2016,2014,,1,2,1,,2,,2,0,2,0,2,0,,,0,2,0,,1,1,2,2,2,2,,1,3,50,50,0,1,,,1,39,Cuyahoga,35,109301,1,1007,Cuyahoga,35,16000,Cleveland,16000,Cleveland city,C2,,1680,"Cleveland-Lorain-Elyria, OH PMSA",1,0,3911,1104,S,,2390 E 30th St,,Cleveland,OH,44115,3070,,44115,99,7,44115307099,H,,,,1,,,A,,90% Overall probable correctness,41.495154,-81.667144,S,,R,U,** Street-Level Rooftop **,17460,"Cleveland-Elyria, OH Metropolitan Statistical Area",99999,,39035,3916000,39035109301,390351093011,-9091144.8846,5085653.401
36245,OHA20160008,EMERALD ALLIANCE VIII,8301 DETROIT AVENUE,CLEVELAND,OH,44102,130025,,,,,,,,1010000,66,66,0,66,0,0,0,9,,0,2016,2013,,1,2,1,,2,,2,0,2,0,2,0,,,0,2,0,,2,2,2,2,2,2,,1,3,66,66,0,1,,,1,39,Cuyahoga,35,101800,1,1004,Cuyahoga,35,16000,Cleveland,16000,Cleveland city,C2,,1680,"Cleveland-Lorain-Elyria, OH PMSA",1,0,3911,1104,S,,8301 Detroit Ave,,Cleveland,OH,44102,1859,,44102,99,8,44102185999,H,,,,1,,,A,,90% Overall probable correctness,41.480953,-81.741452,S,,R,U,** Street-Level Rooftop **,17460,"Cleveland-Elyria, OH Metropolitan Statistical Area",99999,,39035,3916000,39035101800,390351018001,-9099416.8133,5083543.0539
36252,OHA20200029,MUSICIANS TOWERS,2727 LANCASHIRE ROAD,CLEVELAND HEIGHTS,OH,44106,180210,,,,,,,,1243692,240,240,0,228,12,0,0,3,,,2020,2018,,1,,1,,2,,2,0,2,0,2,0,,,0,2,0,,2,2,2,2,2,2,,2,3,240,240,0,2,,,1,39,Cuyahoga,35,141100,2,2003,Cuyahoga,35,16014,Cleveland Heights,16014,Cleveland Heights city,C2,,1680,"Cleveland-Lorain-Elyria, OH PMSA",1,0,3911,1110,S,,2727 Lancashire Rd,,Cleveland Heights,OH,44106,5518,,44106,99,8,44106551899,H,,,,1,,,A,,90% Overall probable correctness,41.5087,-81.582645,S,,R,U,** Street-Level Rooftop **,17460,"Cleveland-Elyria, OH Metropolitan Statistical Area",99999,,39035,3916014,39035141100,390351411002,-9081738.499,5087666.8427
36273,OHA20160012,HERITAGE VIEW HOMES IV,3032 EAST 79TH STREET,CLEVELAND,OH,44104,130157,,,,,,,,480014,60,60,0,60,0,0,0,9,,0,2016,2014,,1,2,1,,2,,2,0,2,0,2,0,,,0,2,0,,2,2,2,2,2,2,,1,3,60,60,0,1,,,1,39,Cuyahoga,35,114300,1,1019,Cuyahoga,35,16000,Cleveland,16000,Cleveland city,C2,,1680,"Cleveland-Lorain-Elyria, OH PMSA",1,0,3911,1104,S,,3032 E 79th St,,Cleveland,OH,44104,4315,,44104,99,6,44104431599,H,,,,1,,,A,,90% Overall probable correctness,41.476251,-81.632988,S,,R,U,** Street-Level Rooftop **,17460,"Cleveland-Elyria, OH Metropolitan Statistical Area",99999,,39035,3916000,39035114300,390351143001,-9087342.6561,5082844.4126
36285,OHA20200038,RIVERSIDE PARK PHASE III,17800 PARKMOUNT AVE,CLEVELAND,OH,44135,190204,,,,,,,,0,204,204,0,8,116,76,4,3,,,2020,2019,,2,,1,,2,,2,0,2,0,2,0,,,0,2,0,,2,2,2,2,2,2,,2,3,204,204,0,2,,,1,39,Cuyahoga,35,123700,1,1003,Cuyahoga,35,16000,Cleveland,16000,Cleveland city,C2,,1680,"Cleveland-Lorain-Elyria, OH PMSA",1,0,3911,1104,S,,17800 Parkmount Ave,,Cleveland,OH,44135,4124,,44135,0,2,44135412400,S,,,,1,,,A,,90% Overall probable correctness,41.428469,-81.826539,S,,R,U,** Street-Level Rooftop **,17460,"Cleveland-Elyria, OH Metropolitan Statistical Area",99999,,39035,3916000,39035123700,390351237001,-9108888.6549,5075747.651
36311,OHA20200039,ST. JOSEPH'S COMMONS,2554 WEST 25TH STREET,CLEVELAND,OH,44113,180021,,,,,,,,1000000,68,68,0,68,0,0,0,3,,,2020,2018,,2,,1,,2,,2,0,2,0,2,0,,,0,2,0,,2,2,2,2,2,2,,1,3,68,68,0,1,,,1,39,Cuyahoga,35,103900,1,1004,Cuyahoga,35,16000,Cleveland,16000,Cleveland city,C2,,1680,"Cleveland-Lorain-Elyria, OH PMSA",1,0,3911,1104,S,,2554 W 25th St,,Cleveland,OH,44113,4700,,44113,99,8,44113470099,H,,,,1,,,A,,90% Overall probable correctness,41.477488,-81.699337,S,,R,U,** Street-Level Rooftop **,17460,"Cleveland-Elyria, OH Metropolitan Statistical Area",99999,,39035,3916000,39035103900,390351039001,-9094728.593,5083028.2059
36343,OHA20200046,VILLAGE GREEN II,18231 EUCLID AVENUE,CLEVELAND,OH,44112,180018,,,,,,,,1234999,76,76,0,19,45,12,0,3,,,2020,2018,,2,,1,,2,,2,0,2,0,2,0,,,0,2,0,,2,2,2,2,2,2,,1,3,76,76,0,1,,,1,39,Cuyahoga,35,117900,1,1001,Cuyahoga,35,16000,Cleveland,16000,Cleveland city,C2,,1680,"Cleveland-Lorain-Elyria, OH PMSA",1,0,3911,1104,S,,18231 Euclid Ave,,Cleveland,OH,44112,1042,,44112,99,3,44112104299,H,,,,1,,,A,,90% Overall probable correctness,41.556365,-81.551345,S,,R,U,** Street-Level Rooftop **,17460,"Cleveland-Elyria, OH Metropolitan Statistical Area",99999,,39035,3916000,39035117900,390351179001,-9078254.1989,5094754.9942
36366,OHA20170001,ABINGTON ARMS,11501 MAYFIELD ROAD,CLEVELAND,OH,44106,160094,,,,,,,,482124,152,152,0,144,8,0,0,9,,0,2017,2016,2,2,,1,,2,,2,0,2,0,2,0,,,0,2,0,,1,2,1,2,2,2,,2,3,152,152,0,1,,,1,39,Cuyahoga,35,118800,1,1010,Cuyahoga,35,16000,Cleveland,16000,Cleveland city,C2,,1680,"Cleveland-Lorain-Elyria, OH PMSA",1,0,3911,1104,S,,11501 Mayfield Rd,,Cleveland,OH,44106,5942,,44106,99,7,44106594299,H,,,,1,,,A,,90% Overall probable correctness,41.508781,-81.603211,S,,R,U,** Street-Level Rooftop **,17460,"Cleveland-Elyria, OH Metropolitan Statistical Area",99999,,39035,3916000,39035118800,390351188001,-9084027.8956,5087678.8836
36367,OHA20170002,CEDAR REDEVELOPMENT PHASE I,2370 EAST 30TH STREET,CLEVELAND,OH,44115,140004,,,,,,,,612183,54,61,0,54,0,0,0,9,,0,2017,2015,,1,,1,,2,,2,0,2,0,2,0,,,0,2,0,,1,1,2,2,2,2,,1,3,61,61,0,1,,,1,39,Cuyahoga,35,109301,1,1007,Cuyahoga,35,16000,Cleveland,16000,Cleveland city,C2,,1680,"Cleveland-Lorain-Elyria, OH PMSA",1,0,3911,1104,N,,2370 E 30th St,,Cleveland,OH,44115,3045,,44115,70,6,44115304570,S,,,,1,,,A,,90% Overall probable correctness,41.495326,-81.667088,S,,R,U,** Street-Level Rooftop **,17460,"Cleveland-Elyria, OH Metropolitan Statistical Area",99999,,39035,3916000,39035109301,390351093011,-9091138.6507,5085678.964
36368,OHA20170003,HOUGH HERITAGE,1844 1848 1862 1866 EAST 97TH STREET,CLEVELAND,OH,44106,150003,,,,,,,,917146,0,60,0,0,0,0,0,2,,0,2017,2015,2,2,,1,,2,,2,0,2,0,2,0,,,0,2,0,,1,2,1,2,2,2,,1,3,60,60,0,2,,,1,39,Cuyahoga,35,119100,,,Cuyahoga,35,16000,Cleveland,16000,Cleveland city,C2,,9999,,1,0,3911,1104,,,,,Cleveland,OH,44106,,,44106,,,,,,,S,,,,,S,Street not found,41.5026,-81.6098,5,S,T,U,**  Centroid Lat/Long   **,17460,"Cleveland-Elyria, OH Metropolitan Statistical Area",99999,,39035,3916000,39035119100,,-9084761.3797,5086760.1027
36371,OHA20170006,WESTERLY II,14306 DETROIT AVENUE,LAKEWOOD,OH,44107,160010,,,,,,,,1150000,0,154,0,0,0,0,0,2,,0,2017,2016,2,2,,1,,2,,2,0,2,0,2,0,,,0,2,0,,1,2,1,2,2,2,,2,3,154,154,0,2,,,1,39,Cuyahoga,35,160500,3,3004,Cuyahoga,35,41664,Lakewood,41664,Lakewood city,C2,,1680,"Cleveland-Lorain-Elyria, OH PMSA",1,0,3911,2628,S,,14306 Detroit Ave,,Lakewood,OH,44107,4417,,44107,99,0,44107441799,H,,,,1,,,A,,90% Overall probable correctness,41.485595,-81.793876,S,,R,U,** Street-Level Rooftop **,17460,"Cleveland-Elyria, OH Metropolitan Statistical Area",99999,,39035,3941664,39035160500,390351605003,-9105252.6263,5084232.8298
36430,OHA20180010,CARVER PARK PHASE II,2366 EAST 55TH STREET,CLEVELAND,OH,44104,170213,,,,,,,,769223,74,74,0,16,16,42,0,3,,,2018,2017,,1,,1,,2,,2,0,2,0,2,0,,,0,2,0,,2,2,2,2,2,2,,2,3,74,74,0,1,,,1,39,Cuyahoga,35,108701,2,2000,Cuyahoga,35,16000,Cleveland,16000,Cleveland city,C2,,1680,"Cleveland-Lorain-Elyria, OH PMSA",1,0,3911,1104,S,,2366 E 55th St,,Cleveland,OH,44104,1536,,44104,66,0,44104153666,S,,,,1,,,A,,90% Overall probable correctness,41.494439,-81.651892,S,,R,U,** Street-Level Rooftop **,17460,"Cleveland-Elyria, OH Metropolitan Statistical Area",99999,,39035,3916000,39035108701,390351087012,-9089447.0397,5085547.137
36433,OHA20180013,EMERALD ALLIANCE X,7609 EUCLID AVENUE,CLEVELAND,OH,44103,160007,,,,,,,,845850,60,60,0,60,0,0,0,2,,,2018,2016,2,2,,1,,2,,2,0,2,0,2,0,,,0,2,0,,1,2,2,2,2,2,,1,3,60,60,0,2,,,1,39,Cuyahoga,35,112800,1,1015,Cuyahoga,35,16000,Cleveland,16000,Cleveland city,C2,,1680,"Cleveland-Lorain-Elyria, OH PMSA",1,0,3911,1104,S,,7609 Euclid Ave,,Cleveland,OH,44103,4884,,44103,99,6,44103488499,H,,,,1,,,A,,90% Overall probable correctness,41.504114,-81.635492,S,,R,U,** Street-Level Rooftop **,17460,"Cleveland-Elyria, OH Metropolitan Statistical Area",99999,,39035,3916000,39035112800,390351128001,-9087621.4001,5086985.1446
36464,OHA20180019,KNICKERBOCKER APARTMENTS,27100 KNICKERBOCKER ROAD,BAY VILLAGE,OH,44140,170088,,,,,,,,1100000,148,148,58,89,1,0,0,2,,,2018,2017,2,2,,1,,2,,2,0,2,0,2,0,,,0,2,0,,1,2,1,2,2,2,,2,3,148,148,0,2,,,1,39,Cuyahoga,35,130105,3,3016,Cuyahoga,35,4416,Bay Village,4416,Bay Village city,C2,,1680,"Cleveland-Lorain-Elyria, OH PMSA",1,0,3907,330,S,,27100 Knickerbocker Rd,,Bay Village,OH,44140,2307,,44140,99,7,44140230799,H,,,,1,,,A,,90% Overall probable correctness,41.478376,-81.91992,S,,R,U,** Street-Level Rooftop **,17460,"Cleveland-Elyria, OH Metropolitan Statistical Area",99999,,39035,3904416,39035130105,390351301053,-9119283.7802,5083160.147
36528,OHA20180032,SOUTH HAVEN WOODS,315 BONNIEVIEW DRIVE,BEDFORD,OH,44146,160208,,,,,,,,2199976,59,59,2,57,0,0,0,3,,,2018,2016,,2,,1,,2,,2,0,2,0,2,0,,,0,2,0,,2,2,2,2,2,2,,2,3,59,59,0,2,,,1,39,Cuyahoga,35,132100,1,1007,Cuyahoga,35,4878,Bedford,4878,Bedford city,C2,,1680,"Cleveland-Lorain-Elyria, OH PMSA",1,0,3911,366,S,,315 Bonnieview Dr,,Bedford,OH,44146,2311,,44146,99,6,44146231199,H,,,,1,,,A,,90% Overall probable correctness,41.404293,-81.524355,S,,R,U,** Street-Level Rooftop **,17460,"Cleveland-Elyria, OH Metropolitan Statistical Area",99999,,39035,3904878,39035132100,390351321001,-9075249.6859,5072158.9309
36533,OHA20190002,ASPEN PLACE,6016 LORAIN AVENUE,CLEVELAND,OH,44102,160006,,,,,,,,874000,40,40,0,20,18,0,2,1,,,2019,2017,2,2,,1,,2,,2,0,2,0,2,0,,,0,2,0,,1,1,2,2,2,2,,1,3,40,40,0,1,,,1,39,Cuyahoga,35,103400,3,3022,Cuyahoga,35,16000,Cleveland,16000,Cleveland city,C2,,1680,"Cleveland-Lorain-Elyria, OH PMSA",1,0,3911,1104,S,,6016 Lorain Ave,,Cleveland,OH,44102,4483,,44102,99,2,44102448399,H,,,,1,,,A,,90% Overall probable correctness,41.475817,-81.727087,S,,R,U,** Street-Level Rooftop **,17460,"Cleveland-Elyria, OH Metropolitan Statistical Area",99999,,39035,3916000,39035103400,390351034003,-9097817.7089,5082779.9297
36598,OHA20190016,INTERNATIONAL VILLAGE,VARIOUS,CLEVELAND,OH,44102,170001,,,,,,,,505000,22,22,0,0,0,22,0,2,,,2019,2018,2,2,,1,,2,,2,0,2,0,2,0,,,0,2,0,,1,2,2,2,2,2,,1,3,22,22,0,1,,,1,39,Cuyahoga,35,101700,,,Cuyahoga,35,16000,Cleveland,16000,Cleveland city,C2,,9999,,1,0,39**,1104,,,,,Cleveland,OH,44102,,,44102,,,,,,,S,,,,,S,Street not found,41.4757,-81.7452,5,S,T,U,**  Centroid Lat/Long   **,17460,"Cleveland-Elyria, OH Metropolitan Statistical Area",99999,,39035,3916000,39035101700,,-9099834.0388,5082762.5462
36622,OHA20150021,NEW COMMUNITY PLACE,7820 WOODLAND AVENUE,CLEVELAND,OH,44104,120053,,,,,,,,1041472,147,147,0,0,121,26,0,9,,0,2015,2012,,1,2,2,,2,,2,0,2,0,2,0,,,0,2,0,,1,1,2,2,2,2,,2,3,147,147,0,1,,PREVIOUSLY LISTED AS OHA2014140,1,39,Cuyahoga,35,114100,1,1020,Cuyahoga,35,16000,Cleveland,16000,Cleveland city,C2,,1680,"Cleveland-Lorain-Elyria, OH PMSA",1,0,3911,1104,S,,7820 Woodland Ave,,Cleveland,OH,44104,3038,,44104,20,1,44104303820,S,,,,1,,,A,,90% Overall probable correctness,41.487999,-81.634045,S,,R,U,** Street-Level Rooftop **,17460,"Cleveland-Elyria, OH Metropolitan Statistical Area",99999,,39035,3916000,39035114100,390351141001,-9087460.3208,5084590.0706
36625,OHA20190019,MCGREGOR SENIOR ASSISTED LIVING,14900 PRIVATE DRIVE,EAST CLEVELAND,OH,44112,170206,,,,,,,,297570,50,50,12,38,0,0,0,3,,,2019,2017,,1,,1,,2,,2,0,2,0,2,0,,,0,2,0,,2,2,2,2,2,2,,1,3,50,50,0,1,,,1,39,Cuyahoga,35,151300,1,1002,Cuyahoga,35,23380,East Cleveland,23380,East Cleveland city,C2,,1680,"Cleveland-Lorain-Elyria, OH PMSA",1,0,3911,1500,S,,14900 Private Dr,,East Cleveland,OH,44112,3470,,44112,99,6,44112347099,H,,,,1,,,A,,90% Overall probable correctness,41.531582,-81.572746,S,,R,U,** Street-Level Rooftop **,17460,"Cleveland-Elyria, OH Metropolitan Statistical Area",99999,,39035,3923380,39035151300,390351513001,-9080636.5473,5091068.92
36646,OHA20150023,NOTRE DAME APARTMENTS,1325 ANSEL ROAD,CLEVELAND,OH,44106,130060,,,,,,,,599054,73,73,0,73,0,0,0,9,,0,2015,2013,,1,2,2,,2,,2,0,2,0,2,0,,,0,2,0,,1,2,1,2,2,2,,2,3,73,73,0,1,,,1,39,Cuyahoga,35,118602,1,1000,Cuyahoga,35,16000,Cleveland,16000,Cleveland city,C2,,1680,"Cleveland-Lorain-Elyria, OH PMSA",1,0,3911,1104,S,,1325 Ansel Rd,,Cleveland,OH,44106,1079,,44106,99,0,44106107999,H,,,,1,,,A,,90% Overall probable correctness,41.520447,-81.62141,S,,R,U,** Street-Level Rooftop **,17460,"Cleveland-Elyria, OH Metropolitan Statistical Area",99999,,39035,3916000,39035118602,390351186021,-9086053.799,5089413.2269
36652,OHA20150029,TEMPLIN-BRADLEY CO. LOFTS,5700 DETROIT AVENUE,CLEVELAND,OH,44102,130093,,,,,,,,252329,15,30,0,12,3,0,0,9,,0,2015,2013,,2,2,1,,2,,2,0,2,0,2,0,,,0,2,0,,1,1,2,2,2,2,,1,3,30,30,0,2,,,1,39,Cuyahoga,35,103100,1,1019,Cuyahoga,35,16000,Cleveland,16000,Cleveland city,C2,,1680,"Cleveland-Lorain-Elyria, OH PMSA",1,0,3911,1104,S,,5700 Detroit Ave,,Cleveland,OH,44102,3077,,44102,99,4,44102307799,H,,,,1,,,A,,90% Overall probable correctness,41.485437,-81.725677,S,,R,U,** Street-Level Rooftop **,17460,"Cleveland-Elyria, OH Metropolitan Statistical Area",99999,,39035,3916000,39035103100,390351031001,-9097660.7484,5084209.3511
36654,OHA20190026,PROSPECT YARD,1937 PROSPECT AVENUE,CLEVELAND,OH,44115,160214,,,,,,,,300814,42,42,0,26,16,0,0,3,,,2019,2016,,1,,1,,2,,2,0,2,0,2,0,,,0,2,0,,2,2,2,2,2,2,,2,3,42,42,0,2,,,1,39,Cuyahoga,35,107701,2,2003,Cuyahoga,35,16000,Cleveland,16000,Cleveland city,C2,,1680,"Cleveland-Lorain-Elyria, OH PMSA",1,0,3911,1104,S,,1937 Prospect Ave E,,Cleveland,OH,44115,2351,,44115,99,6,44115235199,H,,,,2,N,,A,,80% Overall probable correctness,41.500293,-81.676582,S,,R,U,** Street-Level Rooftop **,17460,"Cleveland-Elyria, OH Metropolitan Statistical Area",99999,,39035,3916000,39035107701,390351077012,-9092195.518,5086417.1988
36657,OHA20190029,RIVERSIDE PARK PHASE II,17800 PARKMOUNT AVENUE,CLEVELAND,OH,44135,170210,,,,,,,,1260502,203,203,0,27,127,28,21,3,,,2019,2017,2,1,,1,,2,,2,0,2,0,2,0,,,0,2,0,,2,2,2,2,2,2,,2,3,203,203,0,2,,,1,39,Cuyahoga,35,123700,1,1003,Cuyahoga,35,16000,Cleveland,16000,Cleveland city,C2,,1680,"Cleveland-Lorain-Elyria, OH PMSA",1,0,3911,1104,S,,17800 Parkmount Ave,,Cleveland,OH,44135,4124,,44135,0,2,44135412400,S,,,,1,,,A,,90% Overall probable correctness,41.428469,-81.826539,S,,R,U,** Street-Level Rooftop **,17460,"Cleveland-Elyria, OH Metropolitan Statistical Area",99999,,39035,3916000,39035123700,390351237001,-9108888.6549,5075747.651
36697,OHA20080050,CEDAR CENTER APTS,14050 CEDAR RD,UNIVERSITY HEIGHTS,OH,44118,70174,,,,,,,,,82,81,0,81,1,0,0,,,,2008,2009,,,,,,,,,,,,,,,,,,,1,,,,,,,,2,1,82,81,0,2,,,1,39,Cuyahoga,35,187105,3,3001,Cuyahoga,35,78932,University Heights,78932,University Heights city,C2,,1680,"Cleveland-Lorain-Elyria, OH PMSA",1,0,3911,5304,S,,14050 Cedar Rd,,University Heights,OH,44118,3339,,44118,99,6,44118333999,H,,,,1,,,A,,90% Overall probable correctness,41.501193,-81.534426,S,,R,U,** Street-Level Rooftop **,17460,"Cleveland-Elyria, OH Metropolitan Statistical Area",99999,,39035,3978932,39035187105,390351871053,-9076370.7844,5086550.97
36701,OHA20100020,CLEVELAND GREEN HOMES,3566 E 75TH ST,CLEVELAND,OH,44105,80021,,,,,,,,,24,24,0,0,0,14,10,2,1,14,2010,2011,1,1,,,,,,2,0,,,,,,,,,,4,1,2,2,2,2,1,UNSPECIFIED,,3,24,24,0,1,,,1,39,Cuyahoga,35,115300,1,1020,Cuyahoga,35,16000,Cleveland,16000,Cleveland city,C2,,1680,"Cleveland-Lorain-Elyria, OH PMSA",1,0,3911,1104,S,,3566 E 75th St,,Cleveland,OH,44105,1506,,44105,66,2,44105150666,S,,,,1,,,A,,90% Overall probable correctness,41.461449,-81.635924,S,,R,U,** Street-Level Rooftop **,17460,"Cleveland-Elyria, OH Metropolitan Statistical Area",99999,,39035,3916000,39035115300,390351153001,-9087669.4901,5080645.4052
36706,OHA20130012,WINTON ON LORAIN,9431 LORAIN AVE,CLEVELAND,OH,44102,100083,,,,,,,,,40,40,40,0,0,0,0,2,,,2013,2010,1,1,,,,2,,1,1100000,,,,,,,,,,4,1,2,2,2,2,1,UNSPECIFIED,2,3,40,40,0,1,,AKA EMERALD ALLIANCE VII.,1,39,Cuyahoga,35,102402,1,1001,Cuyahoga,35,16000,Cleveland,16000,Cleveland city,C2,,1680,"Cleveland-Lorain-Elyria, OH PMSA",1,0,3911,1104,Y,,9431 Lorain Ave Apt 2,,Cleveland,OH,44102,4884,,44102,2,3,44102488402,H,2,Apt,,0,,,,,100% Overall probable correctness,41.468393,-81.748484,S,,R,U,** Street-Level Rooftop **,17460,"Cleveland-Elyria, OH Metropolitan Statistical Area",99999,,39035,3916000,39035102402,390351024021,-9100199.612,5081676.9537
36726,OHA20100030,DENISON ELDERLY,2000 DENISON AVE,CLEVELAND,OH,44109,80048,,,,,,,,,61,61,0,12,49,0,0,2,1,37,2010,2010,1,1,,,,,,2,0,,,,,,,,,,4,1,0,1,0,0,0,,1,3,61,61,0,1,,,1,39,Cuyahoga,35,105602,1,1000,Cuyahoga,35,16000,Cleveland,16000,Cleveland city,C2,,1680,"Cleveland-Lorain-Elyria, OH PMSA",1,0,3911,1104,S,,2000 Denison Ave,,Cleveland,OH,44109,2900,,44109,99,3,44109290099,H,,,,1,,,A,,90% Overall probable correctness,41.451112,-81.695963,S,,R,U,** Street-Level Rooftop **,17460,"Cleveland-Elyria, OH Metropolitan Statistical Area",99999,,39035,3916000,39035105602,390351056021,-9094353.001,5079110.0225
36744,OHA20060202,SLAVIC VILLAGE HOMES,3613 E 75TH ST,CLEVELAND,OH,44105,06-0040,,,,,,,,48705,29,29,0,0,0,21,7,2,,,2006,2007,,,,,,,,,,,,,,,,,,,4,2,,,,,,,3,3,29,29,,1,,"PREVIOUSLY LISTED AS OHA2006704, OHA2008210.",1,39,Cuyahoga,35,115300,1,1021,Cuyahoga,35,16000,Cleveland,16000,Cleveland city,C2,,1680,"Cleveland-Lorain-Elyria, OH PMSA",1,0,3911,1104,S,,3613 E 75th St,,Cleveland,OH,44105,1507,,44105,13,9,44105150713,S,,,,1,,,A,,90% Overall probable correctness,41.460252,-81.635476,S,,R,U,** Street-Level Rooftop **,17460,"Cleveland-Elyria, OH Metropolitan Statistical Area",99999,,39035,3916000,39035115300,390351153001,-9087619.619,5080467.599
36755,OHA20100070,GARDEN VALLEY PHASE I,7230 KINSMAN RD,CLEVELAND,OH,44104,08-0173,,,,,,,,,81,81,0,3,47,24,7,2,,,2010,2011,1,1,,,,,,,,,,,,,,,,,4,1,1,0,0,0,0,,1,1,81,81,0,1,,,1,39,Cuyahoga,35,114700,1,1015,Cuyahoga,35,16000,Cleveland,16000,Cleveland city,C2,,1680,"Cleveland-Lorain-Elyria, OH PMSA",1,0,3911,1104,S,,7230 Kinsman Rd,,Cleveland,OH,44104,4149,,44104,99,1,44104414999,H,,,,1,,,A,,90% Overall probable correctness,41.479064,-81.637444,S,,R,U,** Street-Level Rooftop **,17460,"Cleveland-Elyria, OH Metropolitan Statistical Area",99999,,39035,3916000,39035114700,390351147001,-9087838.6957,5083262.3729
36785,OHA20100100,LIVINGSTON PARK APTS,3072 LIVINGSTON RD,CLEVELAND,OH,44120,100001,,,,,,,,,180,164,0,100,80,0,0,,1,94,2010,2012,,,1,,,,,,,,,,,,,,,,1,2,,,,,,,2,,180,164,0,2,,,1,39,Cuyahoga,35,119701,2,2007,Cuyahoga,35,16000,Cleveland,16000,Cleveland city,C2,,1680,"Cleveland-Lorain-Elyria, OH PMSA",1,0,3911,1104,S,,3072 Livingston Rd,,Cleveland,OH,44120,3255,,44120,99,6,44120325599,H,,,,1,,,A,,90% Overall probable correctness,41.474694,-81.589505,S,,R,U,** Street-Level Rooftop **,17460,"Cleveland-Elyria, OH Metropolitan Statistical Area",99999,,39035,3916000,39035119701,390351197012,-9082502.1507,5082613.0787
36791,OHA20130027,MILES POINTE,11806 MILES AVE,CLEVELAND,OH,44105,110061,,,,,,,,,43,43,0,0,33,10,0,2,,,2013,2011,1,2,,,,,,,,,,,,,,,,,4,,,,,,,,1,1,43,43,0,1,,,1,39,Cuyahoga,35,121403,2,2007,Cuyahoga,35,16000,Cleveland,16000,Cleveland city,C2,,1680,"Cleveland-Lorain-Elyria, OH PMSA",1,0,3911,1104,Y,,11806 Miles Ave Apt 7,,Cleveland,OH,44105,5491,,44105,7,0,44105549107,H,7,Apt,,0,,,,,100% Overall probable correctness,41.44507,-81.600824,S,,R,U,** Street-Level Rooftop **,17460,"Cleveland-Elyria, OH Metropolitan Statistical Area",99999,,39035,3916000,39035121403,390351214032,-9083762.176,5078212.7012
36793,OHA20130029,MOTHER TERESA COMMONS,25031 COLUMBUS RD,BEDFORD HEIGHTS,OH,44146,120109,,,,,,,,,44,44,,,,,,,,,2013,2013,,,1,,,,,,,,,,,,,,,,4,1,0,1,0,0,0,,1,,44,44,0,2,,AKA HOLY TRINITY II SENIOR.,1,39,Cuyahoga,35,133104,1,1022,Cuyahoga,35,4920,Bedford Heights,4920,Bedford Heights city,C2,,1680,"Cleveland-Lorain-Elyria, OH PMSA",1,0,3911,372,S,,25031 Columbus Rd,,Bedford Heights,OH,44146,2579,,44146,99,0,44146257999,H,,,,1,,,A,,90% Overall probable correctness,41.402317,-81.501474,S,,R,U,** Street-Level Rooftop **,17460,"Cleveland-Elyria, OH Metropolitan Statistical Area",99999,,39035,3904920,39035133104,390351331041,-9072702.5846,5071865.6696
36794,OHA20130030,NEW CIRCLE VISTAS,1725 E 115TH ST,CLEVELAND,OH,44106,100081,,,,,,,,,36,35,0,22,14,0,0,2,,,2013,2010,1,2,,,,2,,1,300000,,,,,,,,,,1,1,0,0,1,0,0,,1,3,36,35,0,1,,,1,39,Cuyahoga,35,118700,1,1006,Cuyahoga,35,16000,Cleveland,16000,Cleveland city,C2,,1680,"Cleveland-Lorain-Elyria, OH PMSA",1,0,3911,1104,S,,1725 E 115th St,,Cleveland,OH,44106,3938,,44106,99,4,44106393899,H,,,,1,,,A,,90% Overall probable correctness,41.51148,-81.604162,S,,R,U,** Street-Level Rooftop **,17460,"Cleveland-Elyria, OH Metropolitan Statistical Area",99999,,39035,3916000,39035118700,390351187001,-9084133.7605,5088080.1067
36805,OHA20080177,PARKVIEW APTS,1802 E 13TH ST,CLEVELAND,OH,44114,70001,,,,,,,,,199,199,38,134,27,0,0,,,,2008,2009,,,,,,,,,,,,,,,,,,,1,1,1,0,0,0,0,,2,1,199,199,0,1,,PREVIOUSLY LISTED AS OHA2008777.,1,39,Cuyahoga,35,107802,2,2042,Cuyahoga,35,16000,Cleveland,16000,Cleveland city,C2,,1680,"Cleveland-Lorain-Elyria, OH PMSA",1,0,3911,1104,S,,1802 E 13th St,,Cleveland,OH,44114,3522,,44114,99,6,44114352299,H,,,,1,,,A,,90% Overall probable correctness,41.502377,-81.683649,S,,R,U,** Street-Level Rooftop **,17460,"Cleveland-Elyria, OH Metropolitan Statistical Area",99999,,39035,3916000,39035107802,390351078022,-9092982.2128,5086726.9563
36809,OHA20080192,RAINBOW PLACE APTS,7829 EUCLID AVE,CLEVELAND,OH,44103,80025,,,,,,,,,181,181,0,144,37,0,0,2,1,108,2008,2009,1,,,,,,,2,0,,,,,,,,,,1,1,0,1,0,0,0,,2,3,181,181,0,1,,"PREVIOUSLY LISTED AS OHA2008781, OHA2010130.",1,39,Cuyahoga,35,112800,1,1015,Cuyahoga,35,16000,Cleveland,16000,Cleveland city,C2,,1680,"Cleveland-Lorain-Elyria, OH PMSA",1,0,3911,1104,S,,7829 Euclid Ave,,Cleveland,OH,44103,4867,,44103,99,5,44103486799,H,,,,1,,,A,,90% Overall probable correctness,41.504022,-81.633815,S,,R,U,** Street-Level Rooftop **,17460,"Cleveland-Elyria, OH Metropolitan Statistical Area",99999,,39035,3916000,39035112800,390351128001,-9087434.7173,5086971.4695
36813,OHA20100129,SHAKER PLACE APTS,3600 NORTHFIELD RD,HIGHLAND HILLS,OH,44122,90028,,,,,,,,,81,80,0,72,8,0,0,2,,,2010,2011,1,,,,,,,,,,,,,,,,1,1775617,1,1,0,1,0,0,0,,2,4,81,80,0,2,,PREVIOUSLY LISTED AS OHA2010827.,1,39,Cuyahoga,35,193900,1,1001,Cuyahoga,35,35255,Highland Hills,35255,Highland Hills village,C2,,1680,"Cleveland-Lorain-Elyria, OH PMSA",1,0,3911,2264,S,,3600 Northfield Rd,,Highland Hills,OH,44122,5267,,44122,99,9,44122526799,H,,,,1,,,A,,90% Overall probable correctness,41.460398,-81.533299,S,,R,U,** Street-Level Rooftop **,17460,"Cleveland-Elyria, OH Metropolitan Statistical Area",99999,,39035,3935255,39035193900,390351939001,-9076245.3274,5080489.2861
36817,OHA20130032,REGENCY SQUARE APTS,1556 ANSEL RD,CLEVELAND,OH,44106,120106,,,,,,,,,66,66,,,,,,,,,2013,2012,,,1,,,2,,2,0,,,,,,,,,,4,1,1,0,0,0,0,,2,,66,66,0,1,,,1,39,Cuyahoga,35,118602,2,2001,Cuyahoga,35,16000,Cleveland,16000,Cleveland city,C2,,1680,"Cleveland-Lorain-Elyria, OH PMSA",1,0,3911,1104,Y,,1556 Ansel Rd Apt 2,,Cleveland,OH,44106,4117,,44106,2,0,44106411702,H,2,Apt,,0,,,,,100% Overall probable correctness,41.514291,-81.619879,S,,R,U,** Street-Level Rooftop **,17460,"Cleveland-Elyria, OH Metropolitan Statistical Area",99999,,39035,3916000,39035118602,390351186022,-9085883.3689,5088497.9971
36820,OHA20130035,ST LUKE'S HOSPITAL APTS PHASE II,11311 SHAKER BLVD,CLEVELAND,OH,44104,110074,,,,,,,,,65,65,0,0,52,13,0,2,,,2013,2011,2,2,,,,2,,2,0,,,,,,,,,,4,1,0,1,0,0,0,,2,3,65,65,0,1,,AKA ST LUKE'S MANOR PHASE II.,1,39,Cuyahoga,35,119300,3,3006,Cuyahoga,35,16000,Cleveland,16000,Cleveland city,C2,,1680,"Cleveland-Lorain-Elyria, OH PMSA",1,0,3911,1104,S,,11311 Shaker Blvd,,Cleveland,OH,44104,3836,,44104,99,9,44104383699,H,,,,1,,,A,,90% Overall probable correctness,41.484429,-81.605929,S,,R,U,** Street-Level Rooftop **,17460,"Cleveland-Elyria, OH Metropolitan Statistical Area",99999,,39035,3916000,39035119300,390351193003,-9084330.462,5084059.5639
36834,OHA20080215,SOUTH POINTE COMMONS,3319 W 23RD PL,CLEVELAND,OH,44109,60035,,,,,,,,81154,82,82,78,4,0,0,0,2,,,2008,2009,,,,,,,,1,750000,,,,,,,,,,,1,0,0,0,1,0,,3,3,82,82,0,1,,,1,39,Cuyahoga,35,104600,2,2000,Cuyahoga,35,16000,Cleveland,16000,Cleveland city,C2,,1680,"Cleveland-Lorain-Elyria, OH PMSA",1,0,3911,1104,S,,3319 W 23rd Pl,,Cleveland,OH,44109,1603,,44109,19,2,44109160319,S,,,,1,,,A,,90% Overall probable correctness,41.463917,-81.699214,S,,R,U,** Street-Level Rooftop **,17460,"Cleveland-Elyria, OH Metropolitan Statistical Area",99999,,39035,3916000,39035104600,390351046002,-9094714.9007,5081012.0201
36844,OHA20130039,APTS AT ST RICHARD,25595 COUNTRY CLUB BLVD,NORTH OLMSTED,OH,44070,120080,,,,,,,,,34,34,0,26,8,0,0,2,,,2013,2012,1,2,,,,,,,,,,,,,,,,,4,,,,,,,,1,1,34,34,0,2,,,1,39,Cuyahoga,35,174205,2,2010,Cuyahoga,35,56882,North Olmsted,56882,North Olmsted city,C2,,1680,"Cleveland-Lorain-Elyria, OH PMSA",1,0,3907,3822,S,,25595 Country Club Blvd,,North Olmsted,OH,44070,5341,,44070,99,4,44070534199,H,,,,1,,,A,,90% Overall probable correctness,41.413443,-81.911526,S,,R,U,** Street-Level Rooftop **,17460,"Cleveland-Elyria, OH Metropolitan Statistical Area",99999,,39035,3956882,39035174205,390351742052,-9118349.3644,5073517.0129
36848,OHA20130043,UNIVERSITY TOWER APTS,1575 E BLVD,CLEVELAND,OH,44106,100010,,,,,,,,,113,113,75,37,1,0,0,2,,,2013,2010,1,1,,,,2,,2,0,,,,,,,,,,1,1,0,1,0,0,0,,,3,113,113,0,1,,,1,39,Cuyahoga,35,118301,1,1005,Cuyahoga,35,16000,Cleveland,16000,Cleveland city,C2,,1680,"Cleveland-Lorain-Elyria, OH PMSA",1,0,3911,1104,S,,1575 East Blvd,,Cleveland,OH,44106,1748,,44106,99,7,44106174899,H,,,,2,,,A,,80% Overall probable correctness,41.513383,-81.616812,S,,R,U,** Street-Level Rooftop **,17460,"Cleveland-Elyria, OH Metropolitan Statistical Area",99999,,39035,3916000,39035118301,390351183011,-9085541.952,5088363.0095
36864,OHA20080280,WARRENSVILLE COMMUNITY APTS,1500 WARRENSVILLE CTR RD,CLEVELAND HEIGHTS,OH,44121,70175,,,,,,,,,101,100,0,96,5,0,0,,,,2008,2009,,,,,,,,,,,,,,,,,,,1,1,0,1,0,0,0,,2,1,101,100,0,2,,,1,39,Cuyahoga,35,140800,1,1000,Cuyahoga,35,16014,Cleveland Heights,16014,Cleveland Heights city,C2,,1680,"Cleveland-Lorain-Elyria, OH PMSA",1,0,3911,1110,S,,1500 Warrensville Center Rd,,Cleveland Heights,OH,44121,2677,,44121,99,8,44121267799,H,,,,1,,,A,,90% Overall probable correctness,41.519038,-81.536681,S,,R,U,** Street-Level Rooftop **,17460,"Cleveland-Elyria, OH Metropolitan Statistical Area",99999,,39035,3916014,39035140800,390351408001,-9076621.8099,5089203.7393
36881,OHA20070037,CLEVELAND NEW CONSTRUCTION IV,1063 E 67TH ST,CLEVELAND,OH,44103,06-0036,,,,,,,,,25,25,0,0,0,12,13,2,,,2007,2008,1,2,,,,2,,,,,,,,,,,,,4,2,,,,,,,1,3,25,25,0,1,,"PREVIOUSLY LISTED AS OHA2007730, OHA1988110.",1,39,Cuyahoga,35,111600,1,1004,Cuyahoga,35,16000,Cleveland,16000,Cleveland city,C2,,1680,"Cleveland-Lorain-Elyria, OH PMSA",1,0,3911,1104,N,,1063 E 67th St,,Cleveland,OH,44103,1725,,44103,63,4,44103172563,S,,,,1,,,A,,90% Overall probable correctness,41.524318,-81.641494,S,,R,U,** Street-Level Rooftop **,17460,"Cleveland-Elyria, OH Metropolitan Statistical Area",99999,,39035,3916000,39035111600,390351116001,-9088289.5397,5089988.784
36885,OHA20070041,EMERITUS HOUSE,4450 CEDAR AVE,CLEVELAND,OH,44103,04-0060,,,,,,,,449327,49,49,7,42,0,0,0,2,,,2007,2008,1,1,,,,,,,,,,,,,,,,,1,1,0,1,0,0,0,,2,3,49,49,0,1,,"PREVIOUSLY LISTED AS OHA2007744, OHA2006070.",1,39,Cuyahoga,35,108701,1,1015,Cuyahoga,35,16000,Cleveland,16000,Cleveland city,C2,,1680,"Cleveland-Lorain-Elyria, OH PMSA",1,0,3911,1104,Y,,4450 Cedar Ave Ste 1,,Cleveland,OH,44103,4453,,44103,1,1,44103445301,H,1,Ste,,0,,,,,100% Overall probable correctness,41.499985,-81.654489,S,,R,U,** Street-Level Rooftop **,17460,"Cleveland-Elyria, OH Metropolitan Statistical Area",99999,,39035,3916000,39035108701,390351087011,-9089736.1365,5086371.4198
36888,OHA20080287,WILLO ARMS APTS,26980 SIDNEY DR,EUCLID,OH,44132,70183,,,,,,,,,740,729,0,176,393,166,2,,,,2008,2011,,,,,,,,,,,,,,,,,,,4,,,,,,,,2,,740,729,0,2,,PREVIOUSLY LISTED AS OHA2008783.,1,39,Cuyahoga,35,196200,2,2007,Cuyahoga,35,25704,Euclid,25704,Euclid city,C2,,1680,"Cleveland-Lorain-Elyria, OH PMSA",1,0,3911,1626,S,,26980 Sidney Dr,,Euclid,OH,44132,2953,,44132,99,9,44132295399,H,,,,1,,,A,,90% Overall probable correctness,41.593959,-81.497134,S,,R,U,** Street-Level Rooftop **,17460,"Cleveland-Elyria, OH Metropolitan Statistical Area",99999,,39035,3925704,39035196200,390351962002,-9072219.458,5100349.1987
36892,OHA20080305,LAKESHORE VILLAGE,16111 LAKE SHORE BLVD,CLEVELAND,OH,44110,80015,,,,,,,,,108,108,0,0,102,6,0,2,1,65,2008,2008,,,,,,,,2,0,,,,,,,,,,1,1,2,2,2,2,1,UNSPECIFIED,2,3,108,108,0,1,,PREVIOUSLY LISTED AS OHA2009100.,1,39,Cuyahoga,35,117201,1,1005,Cuyahoga,35,16000,Cleveland,16000,Cleveland city,C2,,1680,"Cleveland-Lorain-Elyria, OH PMSA",1,0,3911,1104,S,,16111 Lake Shore Blvd,,Cleveland,OH,44110,1083,,44110,99,0,44110108399,H,,,,1,,,A,,90% Overall probable correctness,41.579827,-81.568431,S,,R,U,** Street-Level Rooftop **,17460,"Cleveland-Elyria, OH Metropolitan Statistical Area",99999,,39035,3916000,39035117201,390351172011,-9080156.2037,5098245.8934
36896,OHA20110040,EMERALD ALLIANCE V,7515 EUCLID AVE,CLEVELAND,OH,44103,90043,,,,,,,,,70,70,70,0,0,0,0,2,,,2011,2012,,,,,,,,,,,,,,,,,1,2641751,1,1,0,0,0,1,0,,1,4,70,70,0,1,,PREVIOUSLY LISTED AS OHA2011854.,1,39,Cuyahoga,35,112800,1,1015,Cuyahoga,35,16000,Cleveland,16000,Cleveland city,C2,,1680,"Cleveland-Lorain-Elyria, OH PMSA",1,0,3911,1104,S,,7515 Euclid Ave,,Cleveland,OH,44103,4875,,44103,99,6,44103487599,H,,,,1,,,A,,90% Overall probable correctness,41.504151,-81.636033,S,,R,U,** Street-Level Rooftop **,17460,"Cleveland-Elyria, OH Metropolitan Statistical Area",99999,,39035,3916000,39035112800,390351128001,-9087681.6239,5086990.6444
36897,OHA20110042,EUCLID CORRIDOR SENIOR HOUSING,7350 EUCLID AVE,CLEVELAND,OH,44103,90092,,,,,,,,,48,48,0,4,44,0,0,,,,2011,2009,,,,,,,,,,,,,,,,,1,1796134,4,1,0,1,0,0,0,,1,4,48,48,0,2,,,1,39,Cuyahoga,35,113101,1,1013,Cuyahoga,35,16000,Cleveland,16000,Cleveland city,C2,,1680,"Cleveland-Lorain-Elyria, OH PMSA",1,0,3911,1104,S,,7350 Euclid Ave,,Cleveland,OH,44103,4807,,44103,99,1,44103480799,H,,,,1,,,A,,90% Overall probable correctness,41.503772,-81.637132,S,,R,U,** Street-Level Rooftop **,17460,"Cleveland-Elyria, OH Metropolitan Statistical Area",99999,,39035,3916000,39035113101,390351131011,-9087803.9641,5086934.3091
36899,OHA20110050,GARDEN VALLEY PHASE II,7201 KINSMAN RD,CLEVELAND,OH,44104,10-0002,,,,,,,,,57,57,0,40,0,12,5,,,,2011,2012,,,,,,,,,,,,,,,,,,,4,,,,,,,,1,,57,57,0,1,,PREVIOUSLY LISTED AS OHA2011842.,1,39,Cuyahoga,35,114700,1,1016,Cuyahoga,35,16000,Cleveland,16000,Cleveland city,C2,,1680,"Cleveland-Lorain-Elyria, OH PMSA",1,0,3911,1104,S,,7201 Kinsman Rd,,Cleveland,OH,44104,6149,,44104,99,9,44104614999,H,,,,1,,,A,,90% Overall probable correctness,41.479834,-81.638202,S,,R,U,** Street-Level Rooftop **,17460,"Cleveland-Elyria, OH Metropolitan Statistical Area",99999,,39035,3916000,39035114700,390351147001,-9087923.0759,5083376.7839
36900,OHA20140040,FAIRFAX INTERGENERATIONAL HOUSING,8113 CENTRAL AVE,CLEVELAND,OH,44104,120093,,,,,,,,484305,40,,,,,,,,,,2014,2012,,1,2,1,,2,,2,0,,,,,,,,,,,2,,,,,,,1,1,40,40,0,1,,,1,39,Cuyahoga,35,196500,2,2005,Cuyahoga,35,16000,Cleveland,16000,Cleveland city,C2,,1680,"Cleveland-Lorain-Elyria, OH PMSA",1,0,3911,1104,S,,8113 Central Ave,,Cleveland,OH,44104,2117,,44103,13,2,44104211713,S,,,,1,,,A,,90% Overall probable correctness,41.496449,-81.631384,S,,R,U,** Street-Level Rooftop **,17460,"Cleveland-Elyria, OH Metropolitan Statistical Area",99999,,39035,3916000,39035196500,390351965002,-9087164.0996,5085845.8682
36905,OHA20140065,KINGSBURY TOWER APTS,9615 HOUGH AVE,CLEVELAND,OH,44106,120126,,,,,,,,417265,129,,,,,,,,,,2014,2012,,1,2,1,,2,,2,0,,,,,,,,,,,2,,,,,,,2,1,129,129,0,1,,,1,39,Cuyahoga,35,118602,2,2007,Cuyahoga,35,16000,Cleveland,16000,Cleveland city,C2,,1680,"Cleveland-Lorain-Elyria, OH PMSA",1,0,3911,1104,S,,9615 Hough Ave,,Cleveland,OH,44106,1581,,44106,15,4,44106158115,S,,,,1,,,A,,90% Overall probable correctness,41.510896,-81.619651,S,,R,U,** Street-Level Rooftop **,17460,"Cleveland-Elyria, OH Metropolitan Statistical Area",99999,,39035,3916000,39035118602,390351186022,-9085857.988,5087993.2901
36907,OHA20070042,ERIEVIEW HOMES II,3223 E 119TH ST,CLEVELAND,OH,44120,60050,,,,,,,,,57,57,0,0,0,41,16,2,,,2007,2008,1,,,,,,,,,,,,,,,,,,4,2,,,,,,,3,3,57,57,0,1,,PREVIOUSLY LISTED AS OHA2007735.,1,39,Cuyahoga,35,119800,6,6003,Cuyahoga,35,16000,Cleveland,16000,Cleveland city,C2,,1680,"Cleveland-Lorain-Elyria, OH PMSA",1,0,3911,1104,S,,3223 E 119th St,,Cleveland,OH,44120,3824,,44120,23,7,44120382423,S,,,,1,,,A,,90% Overall probable correctness,41.470584,-81.599109,S,,R,U,** Street-Level Rooftop **,17460,"Cleveland-Elyria, OH Metropolitan Statistical Area",99999,,39035,3916000,39035119800,390351198006,-9083571.2631,5082002.4552
36921,OHA20090050,COGSWELL HALL,7200 FRANKLIN BLVD,CLEVELAND,OH,44102,70005,,,,,,,,45056,40,40,40,0,0,0,0,2,,,2009,2010,1,,,,,,,,,,,,,,,,,,4,1,2,2,2,2,1,UNSPECIFIED,3,3,40,40,0,1,,,1,39,Cuyahoga,35,101901,1,1000,Cuyahoga,35,16000,Cleveland,16000,Cleveland city,C2,,1680,"Cleveland-Lorain-Elyria, OH PMSA",1,0,3911,1104,S,,7200 Franklin Blvd,,Cleveland,OH,44102,2966,,44102,99,8,44102296699,H,,,,1,,,A,,90% Overall probable correctness,41.480934,-81.734605,S,,R,U,** Street-Level Rooftop **,17460,"Cleveland-Elyria, OH Metropolitan Statistical Area",99999,,39035,3916000,39035101901,390351019011,-9098654.6088,5083540.2307
36922,OHA20110055,GARDEN VALLEY PHASE III,7230 KINSMAN RD,CLEVELAND,OH,44104,10-0088,,,,,,,,,69,69,0,4,37,23,5,,,,2011,2012,,,,,,,,,,,,,,,,,,,4,,,,,,,,1,,69,69,0,1,,PREVIOUSLY LISTED AS OHA2011832.,1,39,Cuyahoga,35,114700,1,1015,Cuyahoga,35,16000,Cleveland,16000,Cleveland city,C2,,1680,"Cleveland-Lorain-Elyria, OH PMSA",1,0,3911,1104,S,,7230 Kinsman Rd,,Cleveland,OH,44104,4149,,44104,99,1,44104414999,H,,,,1,,,A,,90% Overall probable correctness,41.479064,-81.637444,S,,R,U,** Street-Level Rooftop **,17460,"Cleveland-Elyria, OH Metropolitan Statistical Area",99999,,39035,3916000,39035114700,390351147001,-9087838.6957,5083262.3729
36927,OHA20110080,INDEPENDENCE PLACE,4019 PROSPECT AVE,CLEVELAND,OH,44103,90050,,,,,,,,,22,22,22,0,0,0,0,2,,,2011,2012,1,,,,,,,1,1192871,,,,,,,,,,1,1,0,0,0,1,0,,2,2,22,22,0,2,,PREVIOUSLY LISTED AS OHA2011867.,1,39,Cuyahoga,35,108701,1,1001,Cuyahoga,35,16000,Cleveland,16000,Cleveland city,C2,,1680,"Cleveland-Lorain-Elyria, OH PMSA",1,0,3911,1104,S,,4019 Prospect Ave,,Cleveland,OH,44103,4317,,44103,99,5,44103431799,H,,,,1,,,A,,90% Overall probable correctness,41.502453,-81.657166,S,,R,U,** Street-Level Rooftop **,17460,"Cleveland-Elyria, OH Metropolitan Statistical Area",99999,,39035,3916000,39035108701,390351087011,-9090034.1387,5086738.2528
36930,OHA20140100,MAPLE PARK PLACE,16000 MAPLE PARK DR,MAPLE HEIGHTS,OH,44137,120107,,,,,,,,270158,48,,,,,,,,,,2014,2013,,2,2,1,,2,,2,0,,,,,,,,,,,1,2,1,2,2,2,,1,1,48,48,0,2,,,1,39,Cuyahoga,35,171205,1,1002,Cuyahoga,35,47306,Maple Heights,47306,Maple Heights city,C2,,1680,"Cleveland-Lorain-Elyria, OH PMSA",1,0,3911,3024,S,,16000 Maple Park Dr,,Maple Heights,OH,44137,2675,,44137,99,3,44137267599,H,,,,1,,,A,,90% Overall probable correctness,41.400529,-81.56885,S,,R,U,** Street-Level Rooftop **,17460,"Cleveland-Elyria, OH Metropolitan Statistical Area",99999,,39035,3947306,39035171205,390351712051,-9080202.8466,5071600.3175
36942,OHA20070075,LIBERTY AT ST CLAIR,10004 ST CLAIR AVE,CLEVELAND,OH,44108,50055,,,,,,,,829562,88,72,88,0,0,0,0,2,,,2007,2008,1,1,2,,,2,,1,750000,,,1,500000,,,,,,,1,0,0,0,1,0,,1,3,88,72,0,1,,,1,39,Cuyahoga,35,116400,1,1002,Cuyahoga,35,16000,Cleveland,16000,Cleveland city,C2,,1680,"Cleveland-Lorain-Elyria, OH PMSA",1,0,3911,1104,S,,10004 Saint Clair Ave,,Cleveland,OH,44108,1987,,44108,99,0,44108198799,H,,,,1,,,A,,90% Overall probable correctness,41.53655,-81.619983,S,,R,U,** Street-Level Rooftop **,17460,"Cleveland-Elyria, OH Metropolitan Statistical Area",99999,,39035,3916000,39035116400,390351164001,-9085894.9461,5091807.7172
36944,OHA20090060,EDGEWOOD PARK,3215 E 55TH ST,CLEVELAND,OH,44127,70015,,,,,,,,78870,71,63,71,0,0,0,0,2,,,2009,2009,,,,,,,,1,750000,,,,,,,,,,,1,0,0,0,1,0,,1,2,71,63,0,1,,,1,39,Cuyahoga,35,114900,4,4005,Cuyahoga,35,16000,Cleveland,16000,Cleveland city,C2,,1680,"Cleveland-Lorain-Elyria, OH PMSA",1,0,3911,1104,S,,3215 E 55th St,,Cleveland,OH,44127,1597,,44127,99,2,44127159799,H,,,,1,,,A,,90% Overall probable correctness,41.471156,-81.651138,S,,R,U,** Street-Level Rooftop **,17460,"Cleveland-Elyria, OH Metropolitan Statistical Area",99999,,39035,3916000,39035114900,390351149004,-9089363.1049,5082087.435
36951,OHA20110095,LIBRARY COURT SENIOR HOUSING,16301 CHAGRIN BLVD,SHAKER HEIGHTS,OH,44120,90093,,,,,,,,,44,44,0,12,32,0,0,2,,,2011,2012,,,,,,,,,,,,,,,,,1,2318915,4,1,0,1,0,0,0,,1,4,44,44,0,2,,PREVIOUSLY LISTED AS OHA2011863.,1,39,Cuyahoga,35,183402,1,1021,Cuyahoga,35,71682,Shaker Heights,71682,Shaker Heights city,C2,,1680,"Cleveland-Lorain-Elyria, OH PMSA",1,0,3911,4764,S,,16301 Chagrin Blvd,,Shaker Heights,OH,44120,3770,,44120,99,4,44120377099,H,,,,1,,,A,,90% Overall probable correctness,41.464617,-81.567157,S,,R,U,** Street-Level Rooftop **,17460,"Cleveland-Elyria, OH Metropolitan Statistical Area",99999,,39035,3971682,39035183402,390351834021,-9080014.3827,5081116.0058
36985,OHA20110142,ST LUKE'S HOSPITAL APTS PHASE I,11311 SHAKER BLVD,CLEVELAND,OH,44104,90013,,,,,,,,,72,72,5,62,5,0,0,2,,,2011,2012,,,,,,,,,,,,,,,,,1,1776920,4,1,0,1,0,0,0,,2,4,72,72,0,1,,AKA ST LUKE'S MANOR PHASE I.,1,39,Cuyahoga,35,119300,3,3006,Cuyahoga,35,16000,Cleveland,16000,Cleveland city,C2,,1680,"Cleveland-Lorain-Elyria, OH PMSA",1,0,3911,1104,S,,11311 Shaker Blvd,,Cleveland,OH,44104,3836,,44104,99,9,44104383699,H,,,,1,,,A,,90% Overall probable correctness,41.484429,-81.605929,S,,R,U,** Street-Level Rooftop **,17460,"Cleveland-Elyria, OH Metropolitan Statistical Area",99999,,39035,3916000,39035119300,390351193003,-9084330.462,5084059.5639
36991,OHA20140235,WESTERLY III,14312 DETROIT AVE,LAKEWOOD,OH,44107,120132,,,,,,,,417105,112,,,,,,,,,,2014,2014,,1,2,1,,2,,2,0,,,,,,,,,,,2,,,,,,,2,1,112,112,0,2,,,1,39,Cuyahoga,35,160500,3,3004,Cuyahoga,35,41664,Lakewood,41664,Lakewood city,C2,,1680,"Cleveland-Lorain-Elyria, OH PMSA",1,0,3911,2628,S,,14312 Detroit Ave,,Lakewood,OH,44107,4418,,44107,99,9,44107441899,H,,,,1,,,A,,90% Overall probable correctness,41.485589,-81.794012,S,,R,U,** Street-Level Rooftop **,17460,"Cleveland-Elyria, OH Metropolitan Statistical Area",99999,,39035,3941664,39035160500,390351605003,-9105267.7658,5084231.9382
37002,OHA20090145,ST RITA SENIOR HOUSING,10614 GRANGER RD,GARFIELD HEIGHTS,OH,44125,70064,,,,,,,,77432,63,63,0,5,58,0,0,2,,,2009,2010,1,,,,,,,,,,,,,,,,,,4,1,0,1,0,0,0,,1,2,63,63,0,2,,,1,39,Cuyahoga,35,154501,3,3003,Cuyahoga,35,29428,Garfield Heights,29428,Garfield Heights city,C2,,1680,"Cleveland-Lorain-Elyria, OH PMSA",1,0,3911,1866,S,,10614 Granger Rd,,Garfield Heights,OH,44125,3165,,44125,99,1,44125316599,H,,,,1,,,A,,90% Overall probable correctness,41.416901,-81.611241,S,,R,U,** Street-Level Rooftop **,17460,"Cleveland-Elyria, OH Metropolitan Statistical Area",99999,,39035,3929428,39035154501,390351545013,-9084921.7911,5074030.3138
37005,OHA20090160,VALLEYVIEW PHASE II,2556 W SIXTH ST,CLEVELAND,OH,44113,70002,,,,,,,,90085,87,58,0,0,63,22,2,2,,,2009,2010,,,,,,,,,,,,,,,,,,,4,1,1,0,0,0,0,,1,2,87,58,0,1,,,1,39,Cuyahoga,35,104200,1,1052,Cuyahoga,35,16000,Cleveland,16000,Cleveland city,C2,,1680,"Cleveland-Lorain-Elyria, OH PMSA",1,0,3911,1104,S,,2556 W 6th St,,Cleveland,OH,44113,4564,,44113,56,7,44113456456,S,,,,2,,,A,,80% Overall probable correctness,41.478545,-81.680317,S,,R,U,** Street-Level Rooftop **,17460,"Cleveland-Elyria, OH Metropolitan Statistical Area",99999,,39035,3916000,39035104200,390351042001,-9092611.2963,5083185.2576
37024,OHA20070134,RIVERSIDE PARK HOMES,18046 PARKMOUNT AVE,CLEVELAND,OH,44135,60003,,,,,,,,,90,90,0,24,10,38,18,2,,,2007,2008,1,,,,,,,,,,,,,,,,,,4,1,0,1,0,0,0,,1,1,90,90,0,2,,PREVIOUSLY LISTED AS OHA2007728.,1,39,Cuyahoga,35,123700,1,1003,Cuyahoga,35,16000,Cleveland,16000,Cleveland city,C2,,1680,"Cleveland-Lorain-Elyria, OH PMSA",1,0,3911,1104,S,,18046 Parkmount Ave,,Cleveland,OH,44135,4128,,44135,46,8,44135412846,S,,,,1,,,A,,90% Overall probable correctness,41.428476,-81.827345,S,,R,U,** Street-Level Rooftop **,17460,"Cleveland-Elyria, OH Metropolitan Statistical Area",99999,,39035,3916000,39035123700,390351237001,-9108978.3784,5075748.6903
37027,OHA20090170,VILLAGE GREEN ELDERLY,18221 EUCLID AVE,CLEVELAND,OH,44112,07-0027,,,,,,,,76561,50,50,0,2,48,0,0,2,,,2009,2010,,,,,,,,,,,,,,,,,,,4,1,0,1,0,0,0,,1,2,50,50,0,1,,,1,39,Cuyahoga,35,117900,1,1001,Cuyahoga,35,16000,Cleveland,16000,Cleveland city,C2,,1680,"Cleveland-Lorain-Elyria, OH PMSA",1,0,3911,1104,S,,18221 Euclid Ave,,Cleveland,OH,44112,1040,,44112,99,5,44112104099,H,,,,1,,,A,,90% Overall probable correctness,41.556263,-81.551487,S,,R,U,** Street-Level Rooftop **,17460,"Cleveland-Elyria, OH Metropolitan Statistical Area",99999,,39035,3916000,39035117900,390351179001,-9078270.0063,5094739.8204
37028,OHA20090171,WADE CHATEAU APTS,9501 WADE PARK AVE,CLEVELAND,OH,44106,70161,,,,,,,,,42,42,0,32,10,0,0,,,,2009,2010,1,,,,,,,,,,,,,,,,,,1,1,0,1,0,0,0,,2,1,42,42,0,1,,"PREVIOUSLY LISTED AS OHA2009802, OHA2008265.",1,39,Cuyahoga,35,118602,1,1001,Cuyahoga,35,16000,Cleveland,16000,Cleveland city,C2,,1680,"Cleveland-Lorain-Elyria, OH PMSA",1,0,3911,1104,S,,9501 Wade Park Ave,,Cleveland,OH,44106,4000,,44106,99,3,44106400099,H,,,,1,,,A,,90% Overall probable correctness,41.515998,-81.619904,S,,R,U,** Street-Level Rooftop **,17460,"Cleveland-Elyria, OH Metropolitan Statistical Area",99999,,39035,3916000,39035118602,390351186021,-9085886.1519,5088751.7728
37064,OHA20120035,CLEVELAND NSP HOMES I,2819 E 124TH ST,CLEVELAND,OH,44120,110110,,,,,,,,,41,41,0,0,0,26,15,2,,,2012,2013,,,1,,,,,,,,,,,,,,,,4,,,,,,,,,,41,41,0,1,,,1,39,Cuyahoga,35,119402,2,2001,Cuyahoga,35,16000,Cleveland,16000,Cleveland city,C2,,1680,"Cleveland-Lorain-Elyria, OH PMSA",1,0,3911,1104,S,,2819 E 124th St,,Cleveland,OH,44120,2130,,44120,19,3,44120213019,S,,,,1,,,A,,90% Overall probable correctness,41.480914,-81.596676,S,,R,U,** Street-Level Rooftop **,17460,"Cleveland-Elyria, OH Metropolitan Statistical Area",99999,,39035,3916000,39035119402,390351194022,-9083300.4227,5083537.2589
37070,OHA20060100,GORDON SQUARE HOMES,7001 DETROIT AVE,CLEVELAND,OH,44102,40085,,,,,,,,633335,85,85,11,66,8,0,0,2,,,2006,2007,1,2,,,,2,,,,,,,,,,,,,,2,,,,,,,2,3,85,85,,1,,PREVIOUSLY LISTED AS OHA1988220.,1,39,Cuyahoga,35,101200,1,1016,Cuyahoga,35,16000,Cleveland,16000,Cleveland city,C2,,1680,"Cleveland-Lorain-Elyria, OH PMSA",1,0,3911,1104,S,,7001 Detroit Ave,,Cleveland,OH,44102,3049,,44102,99,5,44102304999,H,,,,1,,,A,,90% Overall probable correctness,41.483067,-81.733349,S,,R,U,** Street-Level Rooftop **,17460,"Cleveland-Elyria, OH Metropolitan Statistical Area",99999,,39035,3916000,39035101200,390351012001,-9098514.7915,5083857.1767
37073,OHA20060115,HOUGH HOMES,1392 LAKEVIEW RD,CLEVELAND,OH,44106,40005,,,,,,,,1039769,66,66,0,0,0,33,33,2,,,2006,2007,1,1,,,,,,,,,,,,,,,,,4,2,,,,,,,1,3,66,66,,1,,,1,39,Cuyahoga,35,118500,1,1013,Cuyahoga,35,16000,Cleveland,16000,Cleveland city,C2,,1680,"Cleveland-Lorain-Elyria, OH PMSA",1,0,3911,1104,S,,1392 Lakeview Rd,,Cleveland,OH,44106,1470,,44106,92,2,44106147092,S,,,,1,,,A,,90% Overall probable correctness,41.520782,-81.600421,S,,R,U,** Street-Level Rooftop **,17460,"Cleveland-Elyria, OH Metropolitan Statistical Area",99999,,39035,3916000,39035118500,390351185001,-9083717.3142,5089463.0348
37076,OHA20070155,STOCKYARD HOMES,3399 W 65TH ST,CLEVELAND,OH,44102,50053,,,,,,,,494239,30,30,0,0,0,20,10,2,1,18,2007,2007,1,1,2,,,2,,2,0,,,1,350000,,,,,,4,2,,,,,,,1,3,30,30,0,1,,PREVIOUSLY LISTED AS OHA2006205.,1,39,Cuyahoga,35,105100,4,4005,Cuyahoga,35,16000,Cleveland,16000,Cleveland city,C2,,1680,"Cleveland-Lorain-Elyria, OH PMSA",1,0,3911,1104,S,,3399 W 65th St,,Cleveland,OH,44102,5518,,44102,99,2,44102551899,S,,,,1,,,A,,90% Overall probable correctness,41.46188,-81.730161,S,,R,U,** Street-Level Rooftop **,17460,"Cleveland-Elyria, OH Metropolitan Statistical Area",99999,,39035,3916000,39035105100,390351051004,-9098159.905,5080709.4281
37081,OHA20070170,VALLEYVIEW PHASE I,2556 W SIXTH ST,CLEVELAND,OH,44113,05-0004,,,,,,,,600000,102,68,0,19,65,16,2,2,1,40,2007,2008,1,1,2,,,2,,2,0,,,1,2500000,,1,0,,,4,1,1,0,0,0,0,,1,3,102,68,0,1,,,1,39,Cuyahoga,35,104200,1,1052,Cuyahoga,35,16000,Cleveland,16000,Cleveland city,C2,,1680,"Cleveland-Lorain-Elyria, OH PMSA",1,0,3911,1104,S,,2556 W 6th St,,Cleveland,OH,44113,4564,,44113,56,7,44113456456,S,,,,2,,,A,,80% Overall probable correctness,41.478545,-81.680317,S,,R,U,** Street-Level Rooftop **,17460,"Cleveland-Elyria, OH Metropolitan Statistical Area",99999,,39035,3916000,39035104200,390351042001,-9092611.2963,5083185.2576
37090,OHA20120060,GREATER ABYSSINIA,10401 SUPERIOR AVE,CLEVELAND,OH,44106,OH-13-110114,,,,,,,,,69,69,17,52,0,0,0,2,,,2012,2013,,,,,,,,,,,,,,,,,,,1,,,,,,,,,,69,69,0,2,,,1,39,Cuyahoga,35,118101,3,3006,Cuyahoga,35,16000,Cleveland,16000,Cleveland city,C2,,1680,"Cleveland-Lorain-Elyria, OH PMSA",1,0,3911,1104,S,,10401 Superior Ave,,Cleveland,OH,44106,1132,,44106,99,0,44106113299,H,,,,1,,,A,,90% Overall probable correctness,41.521734,-81.616664,S,,R,U,** Street-Level Rooftop **,17460,"Cleveland-Elyria, OH Metropolitan Statistical Area",99999,,39035,3916000,39035118101,390351181013,-9085525.4767,5089604.5799
37094,OHA20120080,ST JOHN'S VILLAGE WEST FAMILY HOMES,3742 STANLEY TOLLIVER AVE,CLEVELAND,OH,44115,100020,,,,,,,,,40,40,0,0,0,16,24,2,,,2012,2013,,,,,,,,,,,,,,,,,,,4,,,,,,,,1,3,40,40,0,2,,,1,39,Cuyahoga,35,108701,1,1032,Cuyahoga,35,16000,Cleveland,16000,Cleveland city,C2,,1680,"Cleveland-Lorain-Elyria, OH PMSA",1,0,3911,1104,S,,3742 Stanley Tolliver Ave,,Cleveland,OH,44115,3068,,44115,42,2,44115306842,S,,,,1,,,A,,90% Overall probable correctness,41.497793,-81.660474,S,,R,U,** Street-Level Rooftop **,17460,"Cleveland-Elyria, OH Metropolitan Statistical Area",99999,,39035,3916000,39035108701,390351087011,-9090402.3836,5086045.622
